,0,1,2
0,1521482521422307330,2022-05-03 13:31:15+00:00,"Putin‚Äôs ‚Äòradical‚Äô supporters wanted Zelenskyy and Boris Johnson killed, says TV¬†host https://t.co/H3nR83w61z"
1,1521482503445524480,2022-05-03 13:31:11+00:00,@AnushkaAsthana @susannareid100 Unfortunately  help for the most vulnerable is negligible.  I don't think Boris Joh‚Ä¶ https://t.co/kzhHWVWJJ1
2,1521482459489214464,2022-05-03 13:31:00+00:00,Boris Johnson defends cost of living response amid calls for more - BBC News https://t.co/OWS0vcXVN5
3,1521482458008588288,2022-05-03 13:31:00+00:00,"Boris Johnson handed lifeline as Tories 'may hold on in more places' at local elections

https://t.co/CLYV7bcyRY"
4,1521482429223030784,2022-05-03 13:30:53+00:00,@AndyJHodges But it's the indefinite article with a person's name I'm wondering about. The adjective is fine. The '‚Ä¶ https://t.co/4Du9OwIQBI
5,1521482422960930819,2022-05-03 13:30:52+00:00,"Boris Johnson quotes Churchill hails Ukraine‚Äôs ‚Äòfinest hour‚Äô, promises more military aid to fight Russia invasion  https://t.co/U0XkYqNuBf"
6,1521482415683911684,2022-05-03 13:30:50+00:00,@davidwhite020 Can you remind Boris Johnson of that as I think he needs to be reminded of a lot of things Boris Johnson out
7,1521482407576231942,2022-05-03 13:30:48+00:00,One thing I took away from watching Boris Johnson's interview with Susanna Reid is that he is better at trying to b‚Ä¶ https://t.co/13rozkUNtj
8,1521482386969612290,2022-05-03 13:30:43+00:00,@GNev2 Remember also Keir Starmer is owned and controlled by the same cabal as Boris Johnson  so don't expect any d‚Ä¶ https://t.co/rbGNiaJhTc
9,1521482386965422088,2022-05-03 13:30:43+00:00,BREAKING: UK Prime Minister Boris Johnson has told Ukraine's parliament that 'Ukraine will win' and 'will be free'
10,1521482343701262336,2022-05-03 13:30:33+00:00,"@Keir_Starmer
@UKLabour
@BorisJohnson
@Conservatives
Starmer scores OWN goal as Labour whinging backfires over Bori‚Ä¶ https://t.co/oylpxp4CDU"
11,1521482341390209025,2022-05-03 13:30:32+00:00,"@lesiavasylenko @PickardJE And Boris Johnson was certainly lucky, and glad, Russia invaded Ukraine when they did.
A‚Ä¶ https://t.co/43GPn7de5U"
12,1521482327993552898,2022-05-03 13:30:29+00:00,Boris Johnson: Ukraine will win war and 'be¬†free' https://t.co/74Mb2xwCKK
13,1521482312642449408,2022-05-03 13:30:25+00:00,"‚ÄúWe‚Äôre doing everything we can‚Ä¶ But we can do more.‚Äù
https://t.co/XkgSOwhDE5"
14,1521482308058062848,2022-05-03 13:30:24+00:00,"UK National News 

Prime Minister Boris Johnson has admitted to ITV that his government could do more to help strug‚Ä¶ https://t.co/rQ9Hu6m3wC"
15,1521482302882201600,2022-05-03 13:30:23+00:00,"Watch ""Watch PM Boris Johnson address Zelenskyy's Ukraine Parliament"" on YouTube https://t.co/4WM4Hrlkz4"
16,1521482269638250498,2022-05-03 13:30:15+00:00,"'Property Notify' News, brought to you by PROTECT Commercial Insurance &gt;&gt;

Boris Johnson is Considering Re-Introduc‚Ä¶ https://t.co/Ley2JBFCcf"
17,1521482232845721600,2022-05-03 13:30:06+00:00,"Seems to me that in addressing the #Ukrainian parliament.
Boris Johnson spent the entire time beating his own chest‚Ä¶ https://t.co/MYOJJvXker"
18,1521482161743966214,2022-05-03 13:29:49+00:00,"#Ukraine will win war and 'be free', #BorisJohnson tells #Kyivparliament https://t.co/ogR2lN6q8g"
19,1521482139979636736,2022-05-03 13:29:44+00:00,"@Eddystone506 ¬∞

     ‚ñ™

""You're a nasty piece of work Boris Johnson"" says @eddiemair 

      ‚Ä¢

#BogOrfBoris 

        ‚óã"
20,1521482136368422916,2022-05-03 13:29:43+00:00,@itvnews Boris Johnson taking notes‚Ä¶
21,1521482114734116866,2022-05-03 13:29:38+00:00,Boris Johnson pondering right to buy for housing association tenants https://t.co/em0ebDNAQ9
22,1521482099886333955,2022-05-03 13:29:35+00:00,"Superb, to the point. ‚ÄúBoris‚Äù Let Them Eat Cake Johnson. Remember Marie Antoinette Johnson! https://t.co/mYFwLvaMRP"
23,1521482096874856448,2022-05-03 13:29:34+00:00,Boris Johnson taking notes https://t.co/KezSj54pCf
24,1521482088511426560,2022-05-03 13:29:32+00:00,He thanked the leader of the United Kingdom Boris Johnson and all the people of the United Kingdom. For the words w‚Ä¶ https://t.co/Si4DHvelBV
25,1521482082165436418,2022-05-03 13:29:30+00:00,Cost of living: Boris Johnson criticised for 'out of touch' response to pensioner riding bus to keep warm https://t.co/gDv18eqtoJ
26,1521482074452070400,2022-05-03 13:29:28+00:00,Boris Johnson nailing how I feel when I eat chicken from KFC and Nando‚Äôs  https://t.co/4dYn9kMDZD
27,1521482037428957188,2022-05-03 13:29:20+00:00,Boris Johnson Calls Russia War ‚ÄòUkraine‚Äôs Finest Hour‚Äô https://t.co/32v4Xc8jmt
28,1521482011415920641,2022-05-03 13:29:13+00:00,"@PippaCrerar @GMB #FreedomPass - born 1973 in the @LondonLabour GLC!
... did someone say #LiarJohnson?‚Ä¶ https://t.co/rjpordrAH7"
29,1521481948841058307,2022-05-03 13:28:59+00:00,Speech by British Prime Minister Boris Johnson in the Verkhovna Rada of Ukraine. https://t.co/UlnYUQWVW4
30,1521481938720243712,2022-05-03 13:28:56+00:00,"üü• #Boris Johnson admits government ‚Äòcan do more‚Äô to help with rising bills

üëâ Prime minister warns in TV interview‚Ä¶ https://t.co/xdM9Urw6S1"
31,1521481913256525825,2022-05-03 13:28:50+00:00,"@susannareid100 Boris Johnson actually said this today : 

‚ÄúWhen a leader rules by fear, rigs elections, jails crit‚Ä¶ https://t.co/xy10Abis2I"
32,1521481885075050500,2022-05-03 13:28:43+00:00,"UK Prime Minister Boris Johnson has promised to do more to tackle the rising cost of living, with the issue centre-‚Ä¶ https://t.co/SkFpk9O2Gm"
33,1521481872727068672,2022-05-03 13:28:40+00:00,üî¥Boris Johnson was accused of being ‚Äúout of touch‚Äù after he appeared not to know who Lorraine Kelly was during an i‚Ä¶ https://t.co/mQrkVIbelH
34,1521481867928690689,2022-05-03 13:28:39+00:00,‚öΩChelsea takeover: Boris Johnson is considering giving some of the proceeds of the sale of Chelsea to benefit grass‚Ä¶ https://t.co/9Kp8MtKkPc
35,1521481811502800897,2022-05-03 13:28:26+00:00,Think we need a 'Boris Johnson Lies' World Cup. There would be more rounds than the FA Cup.
36,1521481801046409217,2022-05-03 13:28:23+00:00,Boris Johnson did this interview to encourage people to vote for Conservatives this week. Their opponents will be t‚Ä¶ https://t.co/NHYNl4wMhc
37,1521481775154794496,2022-05-03 13:28:17+00:00,"@MonetSupply I‚Äôm not sure either, but wouldn‚Äôt discount anyone that built a top 10 mkt cap asset. Many smart people‚Ä¶ https://t.co/IYXa8TS6iJ"
38,1521481717785456641,2022-05-03 13:28:03+00:00,UK Unveils $376 Million More In Ukraine Military Aid As Russia Attacks Mariupol Plant https://t.co/x9WyTClSwL via @ndtv
39,1521481694821625856,2022-05-03 13:27:58+00:00,There‚Äôs something fishy about the timing of Jim Ratcliffe‚Äôs bid. I see Boris Johnson‚Äôs scummy hands all over it.
40,1521481662927978496,2022-05-03 13:27:50+00:00,"The advisors to Boris Johnson, do not appear to be Tory. What are they?"
41,1521481620238356480,2022-05-03 13:27:40+00:00,"@ScotTories Talking about criminals..
""All guidance was followed in No. 10""
- Boris Johnson, 1st Dec 2021.
""PM fine‚Ä¶ https://t.co/pMYxUkaSR5"
42,1521481615268093955,2022-05-03 13:27:39+00:00,"@JohnJCrace The problem is that if Boris Johnson admitted to being a liar, then he would be telling the truth. It‚Äôs‚Ä¶ https://t.co/zf8lDHOnJV"
43,1521481609547034625,2022-05-03 13:27:38+00:00,"Ukraine will win war and 'be free', Boris Johnson tells Kyiv parliament | World News | Sky News https://t.co/rxWAb5Q2Tp"
44,1521481604534841344,2022-05-03 13:27:36+00:00,"He's a lie machine. 
https://t.co/3tKptXsEYV"
45,1521481592253857793,2022-05-03 13:27:34+00:00,"‚ÄúUkraine will win,‚Äù says UK PM Boris Johnson as he announces ¬£300 mn military aid
#BorisJohnson #Russia #UK #Ukraine
https://t.co/eXdiXH1h3H"
46,1521481572230303747,2022-05-03 13:27:29+00:00,"Make it longer, why don't you?
Make some money. 

https://t.co/zn9q1CHNfu"
47,1521481517872123912,2022-05-03 13:27:16+00:00,"The quotes from the speech of the British Prime Minister Boris Johnson in the Verkhovna Rada.

üîª I walked the lovel‚Ä¶ https://t.co/cYOa6thfPv"
48,1521481475572568064,2022-05-03 13:27:06+00:00,"Boris Johnson Broke the rules.
Kier Starmer may or may not have broken the rules, but is a hypocrite either way, as‚Ä¶ https://t.co/1Dd1JBoDPJ"
49,1521481450515615744,2022-05-03 13:27:00+00:00,"GMB's Susanna Reid grills Boris Johnson on cost of living in explosive interview
https://t.co/Eh3uQsRE8p https://t.co/1Eb2Y4wEFh"
50,1521481428768276490,2022-05-03 13:26:55+00:00,"After a terrible interview on GMB this morning, Boris Johnson has spent the rest of the day viewing the results fro‚Ä¶ https://t.co/b0a1v6beRd"
51,1521481404542078977,2022-05-03 13:26:49+00:00,"@ShelaghFogarty 
James is a disgrace.
He is happy to look away and let the criminal Boris Johnson wreak more havoc‚Ä¶ https://t.co/FWVUtb5KAb"
52,1521481389450932224,2022-05-03 13:26:45+00:00,"This repellent fat turd would see Ukraine reduced to smoldering rubble in pursuit of his wretched vanity. 

'Good v‚Ä¶ https://t.co/KU8Gj4o5xS"
53,1521481354831138818,2022-05-03 13:26:37+00:00,@glum_gary @GMB @susannareid100 Maybe ¬£1million a year isn't even close to enough to make up the shortfall experien‚Ä¶ https://t.co/BHGw3u0HX2
54,1521481343774990336,2022-05-03 13:26:34+00:00,Boris Johnson defends cost of living response amid calls for more.  He‚Äôd  rather give it to Ukraine  https://t.co/qtCOgRcZKk
55,1521481334530658305,2022-05-03 13:26:32+00:00,"WHY WOULD A RICH PERSON CARE or UNDERSTAND? Boris Johnson criticised for 'tone deaf' response to pensioner, 77, who‚Ä¶ https://t.co/lQ9SaDnWmy"
56,1521481326997741573,2022-05-03 13:26:30+00:00,"‚ÄúHe was talking complete bollocks.‚Äù

A phrase now synonymous with Boris Johnson and his cabal of sycophantic Tory m‚Ä¶ https://t.co/M6QpR51VaP"
57,1521481268172632065,2022-05-03 13:26:16+00:00,"Reading between the lines, is Boris Johnson implying that Elsie should ride the buses all night to keep warm too, a‚Ä¶ https://t.co/oPbG1gak0x"
58,1521481237684051968,2022-05-03 13:26:09+00:00,"Boris Johnson's plans 'WON'T WORK' in bid to revive the Right to Buy scheme, says Rose Grayston https://t.co/SVxQSvfYNZ From @GBNEWS"
59,1521481227206742016,2022-05-03 13:26:06+00:00,"‚ÄòUkraine will be free,‚Äô Boris Johnson tells country‚Äôs parliament https://t.co/bpya8V2EeI"
60,1521481225789132801,2022-05-03 13:26:06+00:00,‚ÄúWe‚Äôre lucky to have as good a friend as Boris Johnson.‚Äù https://t.co/Z9uHGOc2a3
61,1521481218856038402,2022-05-03 13:26:04+00:00,@garth79754412 @campbellclaret Again no condemnation or criticism https://t.co/hYkX0cP7rZ
62,1521481217165639689,2022-05-03 13:26:04+00:00,"Boris Johnson becomes first world leader to address Ukrainian parliament since the invasion.

‚ñ™Ô∏è British prime mini‚Ä¶ https://t.co/vDvVItI028"
63,1521481169577156608,2022-05-03 13:25:53+00:00,For anyone that missed it ...The FULL interview with Susanna Reid &amp; Boris Johnson... warts &amp; all...‚Ä¶ https://t.co/CMvvnJOnyK
64,1521481152976109568,2022-05-03 13:25:49+00:00,Boris slammed for raising free bus passes after hearing OAP‚Äôs cost of living plight  https://t.co/jZNQzx94yb
65,1521481016518578177,2022-05-03 13:25:16+00:00,"We know Boris Johnson is an honest man because, well, Boris Johnson says he is an honest man."
66,1521480971425566723,2022-05-03 13:25:05+00:00,Boris Johnson is very passionate about letting the energy companies keep their unearned extra profits.
67,1521480962906939393,2022-05-03 13:25:03+00:00,"Why do I feel like this is relevant today...? üòÇ

@GMB @susannareid100 @HughDennis_ 

Boris Johnson - Bus King‚Ä¶ https://t.co/NuIUaB1J4O"
68,1521480958314221569,2022-05-03 13:25:02+00:00,Boris Johnson embarrasses himself in car crash Good Morning Britain inte... https://t.co/zoauvIG4RE via @YouTube Ho‚Ä¶ https://t.co/bib8xnzryy
69,1521480953016815616,2022-05-03 13:25:01+00:00,"Boris Johnson eyes Right to Buy for housing association rentals
https://t.co/wV2R5QZucj"
70,1521480921110790144,2022-05-03 13:24:53+00:00,"I wouldn't vote for me, by Boris Johnson https://t.co/BkQuZMpqUh"
71,1521480880241401857,2022-05-03 13:24:44+00:00,@SkyNews Boris Johnson is a classic but very good confidence trickster. Sooner we get rid of them the better don't‚Ä¶ https://t.co/inUEUgmAnH
72,1521480854035382277,2022-05-03 13:24:38+00:00,@Femi_Sorry @susannareid100 I'm sure if you were in hospital being told you need to have a leg amputated Boris John‚Ä¶ https://t.co/nSmwaIQMcG
73,1521480812415307776,2022-05-03 13:24:28+00:00,Boris Johnson boasting about introducing the 24hr freedom bus pass instead of having any empathy for a 77 yr old st‚Ä¶ https://t.co/13dsx0R2vL
74,1521480773093703684,2022-05-03 13:24:18+00:00,Boris Johnson responded to being told that a 77 year old in this country could only afford to eat one meal per day‚Ä¶ https://t.co/Q0qgt9LC7J
75,1521480736901144576,2022-05-03 13:24:10+00:00,"‚ÄúNo one will dare to attack you again!‚Äù - Boris Johnson listed the new military, financial and humanitarian support‚Ä¶ https://t.co/DUpkb3BOIF"
76,1521480718018392069,2022-05-03 13:24:05+00:00,"When you watch the Susanna Reid interview with Boris Johnson on GMB and think about about 77 year old Elsie , remem‚Ä¶ https://t.co/95FqvEkqJp"
77,1521480676545028096,2022-05-03 13:23:55+00:00,Boris Johnson trying to whip up hate again in the run up to #localelections? (Even in the absence of abstract theor‚Ä¶ https://t.co/zqoFMkF3de
78,1521480626104381442,2022-05-03 13:23:43+00:00,@PurcellGregory @tosedixit @adream608 @GlasgowStopWar @STWuk @ScottishCND @AfghanHRF Exactly the same way we got in‚Ä¶ https://t.co/m1GZ1o3ns3
79,1521480612661583875,2022-05-03 13:23:40+00:00,"'The Kremlin kleptocrat may be in the throes of desperation, gripped by paranoia and reportedly taking control of t‚Ä¶ https://t.co/W66zzE6INu"
80,1521480607737462786,2022-05-03 13:23:39+00:00,‚ÄúOur rogue prime minister cannot crack down on misconduct within his party because he is guilty of so much of it hi‚Ä¶ https://t.co/k29EUcyx3b
81,1521480587747512321,2022-05-03 13:23:34+00:00,"@LBC Boris Johnson‚Äòs government is so disgusting, our old, young, families, all matter don‚Äôt matter to these rich e‚Ä¶ https://t.co/8F1I02r61m"
82,1521480571133771780,2022-05-03 13:23:30+00:00,British flags flutter in Ukrainian parliament as Boris Johnson delivers a¬†speech https://t.co/bKHcXSr4UB
83,1521480557879717888,2022-05-03 13:23:27+00:00,"Johnson addresses parliament, announces further $375 million to Ukraine. UK Prime Minister Boris Johnson became the‚Ä¶ https://t.co/XdCommhO6n"
84,1521480473637269504,2022-05-03 13:23:07+00:00,Ukraine MPs give Boris standing ovation 'never seen' before as UK unleashes ¬£300m lifeline https://t.co/hUULggchWZ
85,1521480472395669505,2022-05-03 13:23:07+00:00,‚ö°Ô∏è ‚ÄúSusanna Reid interviews Boris Johnson on Good Morning Britain‚Äù by @GMB https://t.co/tRmH2N8Jfw
86,1521480469522624514,2022-05-03 13:23:06+00:00,"Boris Johnson quotes Churchill in address to Ukrainian lawmakers, promises more military aid to fight Russia invasi‚Ä¶ https://t.co/bxJGtS7Izs"
87,1521480429194387461,2022-05-03 13:22:56+00:00,You mess with @susannareid100 at your peril. Corrupt Boris Johnson learned that lesson the hard way this morning. Brilliant interview.
88,1521480405538557952,2022-05-03 13:22:51+00:00,Exclusive: Boris Johnson Declares He's an 'Honest' Politician Despite Pa... https://t.co/3Le5peGwL4 via @YouTube
89,1521480385959505924,2022-05-03 13:22:46+00:00,"Boris Johnson today told @GMB viewers he is ‚Äúhonest‚Äù

Last week he shamelessly told Parliament he ‚Äúdidn‚Äôt know covi‚Ä¶ https://t.co/QeYS8KuAvj"
90,1521480368783826946,2022-05-03 13:22:42+00:00,@DavoodGhadami @lorraine Really hope Lorraine uses 'sack of cold custard' when referring to Boris Johnson now (with‚Ä¶ https://t.co/56IzhwvuO3
91,1521480354900684802,2022-05-03 13:22:39+00:00,"@gordonrlove Fun fact: the freedom pass has existed since 15 years before Carrie was born, but 9 years after Boris Johnson was born..."
92,1521480345526353922,2022-05-03 13:22:36+00:00,@BorisJohnson responds with a LIE to @susannareid100 first question of the interview: Boris Johnson just told @GMB viewers he is ‚Äúhonest‚Äù
93,1521480290987909124,2022-05-03 13:22:23+00:00,"Baselines, boundaries &amp; bulls*** ‚Äì what to look for in local elections | Vince Cable https://t.co/ly5oeRB3hq"
94,1521480267365560322,2022-05-03 13:22:18+00:00,"7 out of the top 10 trending on UK Twitter, are directly related to Boris Johnson's car crash interview this mornin‚Ä¶ https://t.co/GGshQykstv"
95,1521480249992695808,2022-05-03 13:22:13+00:00,"Reuters' tweet 
""... Boris Johnson said the government could not help everyone through the current cost-of-living c‚Ä¶ https://t.co/5PbZ3ZW6eP"
96,1521480244896702469,2022-05-03 13:22:12+00:00,Boris Johnson openly admits he cares more about attracting energy companies investments than the cost of people's energy bills.
97,1521480229021265920,2022-05-03 13:22:08+00:00,"Went well then...

https://t.co/8fJzwMdfgs"
98,1521480227335065600,2022-05-03 13:22:08+00:00,"The Foreign Office has denied a Freedom of Information (FOI) request from Byline Times, in relation to the meetings‚Ä¶ https://t.co/TKwsYkqzAl"
99,1521480204295749634,2022-05-03 13:22:03+00:00,"Is it it really the best time to reduce the supply of affordable housing ?
https://t.co/SmVIzeyTre"
100,1521480183651479557,2022-05-03 13:21:58+00:00,Boris Johnson accused of bare-faced lie about bus Freedom Pass @LBC #LBC https://t.co/LkaWaZaKHm
101,1521480178744107015,2022-05-03 13:21:57+00:00,@JamesAgar @GMB @susannareid100 @KayBurley Kay lost her job for 6 months! I'd be happy for Boris Johnson to lose his job for 6 months too!
102,1521480170217132032,2022-05-03 13:21:54+00:00,"This is not Churcillian! You slimy liars! 
UK flags fly at Ukraine's parliament as Boris Johnson gives speech‚Ä¶ https://t.co/swvSuad1eE"
103,1521480155067297794,2022-05-03 13:21:51+00:00,@jezzeralexander Seemed a bit odd?  Boris Johnson‚Äôs getting a bit thin on platitudes and lost his Latin dictionary
104,1521480149346181120,2022-05-03 13:21:49+00:00,"‚ÄúThis is Ukraine‚Äôs finest hour‚Äù 

Boris Johnson echoes Winston Churchill as he praises the heroism of people in‚Ä¶ https://t.co/33OAKI3idk"
105,1521480129066815490,2022-05-03 13:21:45+00:00,"Boris Johnson, the Russian asset inside No.10 and every tory MP is guilty of putting him there, in the full knowled‚Ä¶ https://t.co/nu29Hja4FB"
106,1521480097177292805,2022-05-03 13:21:37+00:00,Watch: Boris Johnson invokes Sir Winston Churchill during historic address to Ukraine‚Äôs Parliament: ‚ÄòThis is your f‚Ä¶ https://t.co/PNQtyenqAF
107,1521480096091185155,2022-05-03 13:21:37+00:00,"PM hails Ukraine for forcing Putin army‚Äôs retreat from ‚ÄòKyiv‚Äôs gates‚Äô

https://t.co/qjWTNfEDVx"
108,1521480050989801472,2022-05-03 13:21:26+00:00,"#JohnsonTheCorruptPM takes credit for free bus pass pensioners use to keep warm 
#TwistedTories

https://t.co/j1LbUdPgqR"
109,1521480035235946496,2022-05-03 13:21:22+00:00,"Imagine watching Boris Johnson‚Äôs car crash interview with @susannareid100 on @GMB this morning and thinking ‚Äúyes, h‚Ä¶ https://t.co/epJwzZJuKV"
110,1521480030316122114,2022-05-03 13:21:21+00:00,"Starmer scores OWN goal as Labour whinging backfires over Boris Ukraine masterstroke

Doesn‚Äôt all Labour whinging b‚Ä¶ https://t.co/ptfFTWM6TM"
111,1521479969171419137,2022-05-03 13:21:07+00:00,UK flags fly at Ukraine's parliament as Boris Johnson gives speech https://t.co/bEI1V0h29D via @MailOnline
112,1521479946752905218,2022-05-03 13:21:01+00:00,"We wont offer safe haven to your women and children, but have ¬£300mill of our taxpayers money to buy bombs!
UK flag‚Ä¶ https://t.co/mjByh1HH80"
113,1521479934413312000,2022-05-03 13:20:58+00:00,@chimerical_cal @GNev2 Just genuinely shocked you believe Keri Starmer is the same person as Boris Johnson they are‚Ä¶ https://t.co/TS27ASTd7C
114,1521479932295229454,2022-05-03 13:20:58+00:00,"If anything was obvious from the Susanna Reid interview with Boris Johnson on GMB, it's that Johnson doesn't give a‚Ä¶ https://t.co/8IzOyMTeMI"
115,1521479901311909890,2022-05-03 13:20:50+00:00,"London local elections 2022: Which council results could swing Boris Johnson and Keir Starmer fates?
https://t.co/Fzdi5armZK"
116,1521479870018207754,2022-05-03 13:20:43+00:00,Plan to send asylum seekers to Rwanda within ‚Äòweeks‚Äô delayed - live https://t.co/RHYy7G4liR
117,1521479820416372737,2022-05-03 13:20:31+00:00,"It's been over a year since I wrote to @10DowningStreet  about Covid-19, the PPE Con, Boris Johnson being racist an‚Ä¶ https://t.co/ppufhXiyuY"
118,1521479797033115650,2022-05-03 13:20:25+00:00,"Just listened to the Susanna Reid interview on GMB with Boris Johnson.

She explains about Elsie who is 77 and is r‚Ä¶ https://t.co/G7iABSf6zi"
119,1521479788816486400,2022-05-03 13:20:24+00:00,Lecherous Liar Johnson begged Jennifer Arcuri for an intimate photo on an official work trip https://t.co/YuPH9aesrZ
120,1521479757287890947,2022-05-03 13:20:16+00:00,@armyinformcomua @BorisJohnson @verkhovna_rada Please give Boris Johnson a medal for his Churchillian approach to t‚Ä¶ https://t.co/eM1ZCWCC8r
121,1521479747443769345,2022-05-03 13:20:14+00:00,"@llambchops Yes, we are being played .....by Boris Johnson. https://t.co/heSidiYw4b"
122,1521479744755314688,2022-05-03 13:20:13+00:00,@susannareid100 @Otto_English Is there nobody in the Conservative Party more competent than Boris Johnson?
123,1521479718188597248,2022-05-03 13:20:07+00:00,"@ScotNational Unlike most National readers, Boris Johnson is at work by 9.  Maybe why?"
124,1521479689793118208,2022-05-03 13:20:00+00:00,"'Good versus evil': Ukraine will win war and 'be free', Boris Johnson tells Kyiv parliament #UkraineRussianWar‚Ä¶ https://t.co/o3NwwJfs8T"
125,1521479634923233287,2022-05-03 13:19:47+00:00,Boris says Ukraine will &amp;#39;be free&amp;#39; of Putin&amp;#39;s invasion in Parliament address https://t.co/cZ9IZjH2X9 via @MetroUK
126,1521479607303741443,2022-05-03 13:19:40+00:00,"‚ÄòUkraine will be free,‚Äô Boris Johnson tells country‚Äôs parliament |¬†Ukraine https://t.co/tWD8Wp1nBA"
127,1521479600332808194,2022-05-03 13:19:39+00:00,"‚ÄòUkraine will be free,‚Äô Boris Johnson tells country‚Äôs parliament |¬†Ukraine https://t.co/SGeUPY0caW"
128,1521479568678400000,2022-05-03 13:19:31+00:00,Boris Johnson goes on GMB ...and bumps into Elsie's bus ... https://t.co/xChGJeKBhI
129,1521479516056600576,2022-05-03 13:19:19+00:00,"‚ÄºÔ∏èThe plenary session of the Verkhovna Rada of Ukraine took place, during which the Prime Minister of the United Ki‚Ä¶ https://t.co/b1WEjY7UC9"
130,1521479492287569923,2022-05-03 13:19:13+00:00,"I am so out of touch that when I saw the headline ""Boris Johnson to be interviewed by GMB"" I thought he was going t‚Ä¶ https://t.co/swUUtk3tZe"
131,1521479478119178241,2022-05-03 13:19:09+00:00,"@youngmullers And yet you said:

""I don't blame him for avoiding going on one bit.""

So, you DID mean today's inter‚Ä¶ https://t.co/GHYzQCPZsM"
132,1521479474906165254,2022-05-03 13:19:09+00:00,"There should be no peace settlement imposed against the will of Ukrainian people, PM tells Verkhovna Rada

 * Russi‚Ä¶ https://t.co/H1UNpsS9WG"
133,1521479467268554753,2022-05-03 13:19:07+00:00,I feel the need to point out that the small gatherings that attend Boris Johnson's rare appearances among the plebs‚Ä¶ https://t.co/oZciXlvA9N
134,1521479463426482176,2022-05-03 13:19:06+00:00,"‚ÄòWho‚Äôs Lorraine?‚Äô Boris Johnson once again proved he‚Äôs a man of the people | Tom Peck https://t.co/yygjifbbZ4 

Joh‚Ä¶ https://t.co/Ay5dZrBIE8"
135,1521479454718971904,2022-05-03 13:19:04+00:00,"ùóöùó®ùóîùó•ùóóùóúùóîùó°/ùó¢ùóïùó¶ùóòùó•ùó©ùóòùó•: ‚ÄòUkraine will be free,‚Äô Boris Johnson tells country‚Äôs parliament https://t.co/AIjmqv4OEO or‚Ä¶ https://t.co/B3xKYUPAVL"
136,1521479445059706880,2022-05-03 13:19:02+00:00,@BBCPolitics Prime Minister Boris Johnson is a brave leader and seems to be the most active in trying to get the Wa‚Ä¶ https://t.co/NTyietcGFq
137,1521479438973734913,2022-05-03 13:19:00+00:00,Same question most people ask however if you were to as who's that horrible little Scottish bird the tax Dodger eve‚Ä¶ https://t.co/9GsjZP3UkI
138,1521479436582850560,2022-05-03 13:19:00+00:00,"During his address to the Verkhovna Rada, British Prime Minister Boris Johnson promised to provide Ukraine with mil‚Ä¶ https://t.co/ekYLVhcJ37"
139,1521479428483784708,2022-05-03 13:18:58+00:00,"#Johnson #JohnsonOUT #JohnsonOut99 #GTTO

Boris Johnson abandons hopes of sending first asylum-seekers to Rwanda wi‚Ä¶ https://t.co/9jEf2SpKX4"
140,1521479416509083650,2022-05-03 13:18:55+00:00,"Brexit LIVE: 'Problem will grow' Grim warning UK still shackled to EU's 'porous borders'
THIS IS ALL HIS FAULT.. GO‚Ä¶ https://t.co/nxxUt56n8q"
141,1521479406081826816,2022-05-03 13:18:52+00:00,"Boris Johnson quotes Churchill in address to Ukrainian lawmakers, promises more military aid to fight Russia invasi‚Ä¶ https://t.co/wDR5r9GR7m"
142,1521479390101925888,2022-05-03 13:18:48+00:00,@spectatorindex BREAKING: UK Prime Minister Boris Johnson has told Ukraine's parliament that he just get a haircut for free'
143,1521479343519764487,2022-05-03 13:18:37+00:00,"Some real examples of what I'm talking about: 

'This clip of an angry Boris Johnson...'
'Rarely Seen Photographs of a Young RuPaul'"
144,1521479332467777536,2022-05-03 13:18:35+00:00,"@AndrewR23410243 @DominicFarrell Is this Johnson‚Äôs place of work? ü§î

https://t.co/5JTrpDdP2K"
145,1521479323521331202,2022-05-03 13:18:33+00:00,BREAKING: You know how Boris Johnson boasted that he introduced the Freedom Pass when Susanna Reid explained an old‚Ä¶ https://t.co/6Qojzdc13W
146,1521479305812979718,2022-05-03 13:18:28+00:00,Russia-Ukraine latest news: Standing ovation for Boris Johnson as he tells Ukraine MPs 'you will win' https://t.co/UFLqm7ujfQ via @Telegraph
147,1521479296748900352,2022-05-03 13:18:26+00:00,"Ukraine will win war and 'be free', Boris Johnson tells Kyiv parliament https://t.co/awrPFFoMTs"
148,1521479267292524544,2022-05-03 13:18:19+00:00,"Boris Johnson thinks his introduction of a free bus pass is jolly marvellous, if it enables the elderly to stay war‚Ä¶ https://t.co/3JmAa5zM39"
149,1521479252067164161,2022-05-03 13:18:16+00:00,Just watched the Boris Johnson interview that was on @GMB this morning. I wanted to comment but found no words that‚Ä¶ https://t.co/DqeDho6rIw
150,1521479189425184769,2022-05-03 13:18:01+00:00,Susanna Reid interviewing Boris Johnson https://t.co/hcZKVX2QRr
151,1521479186325590016,2022-05-03 13:18:00+00:00,"@RichardDawkins If I ever get abducted and they ask me to take them to my leader, I'll be embarrassed to admit it is Boris Johnson."
152,1521479177790275584,2022-05-03 13:17:58+00:00,@danielgoyal Johnson suggested she should be grateful for her bus pass! https://t.co/hPFWns0uNC
153,1521479134421168139,2022-05-03 13:17:48+00:00,Starmer scores OWN goal as Labour whinging backfires over Boris Ukraine masterstroke https://t.co/VJrgqnqFAv
154,1521479119632011268,2022-05-03 13:17:44+00:00,Many thanks to @salonrogue for selecting the project https://t.co/mW1D10TkJM for this important international group‚Ä¶ https://t.co/zjZNvEXnCP
155,1521479093191127040,2022-05-03 13:17:38+00:00,Boris Johnson accused of lying after claiming he invented London Bus Freedom Pass - My London #London #Transit #TFL‚Ä¶ https://t.co/XygYHGfnGV
156,1521479085356113920,2022-05-03 13:17:36+00:00,"@Terrymc1939 @RaverOldskool @GNev2 Thats a terrible way of voting, though. I'm on the right, and am a small c conse‚Ä¶ https://t.co/qMEkgJKAJA"
157,1521479081728126978,2022-05-03 13:17:35+00:00,Boris Johnson tells Ukrainian Parliament resistance to Russian invasion is country‚Äôs ‚Äòfinest¬†hour‚Äô https://t.co/7KPfh9QuND
158,1521479073591185411,2022-05-03 13:17:33+00:00,Boris gloats about free bus passes after hearing woman rides them to keep warm https://t.co/yJvHeRspPp via @MetroUK
159,1521479026182967299,2022-05-03 13:17:22+00:00,I'm sure Nadine has something to say about Boris Johnson https://t.co/tcljGTtWUu
160,1521479014946426880,2022-05-03 13:17:19+00:00,"@snb19692 Anybody comparing Johnson to Churchill, remind them Johnson sacked Churchill's grandson. 

https://t.co/G0DauIWROf"
161,1521478992821370880,2022-05-03 13:17:14+00:00,"Boris Johnson salutes Ukraine's ""finest hour"" in the face of Russia while addressing Kyiv's parliament.

Should the‚Ä¶ https://t.co/IdEbgjymHl"
162,1521478988870340608,2022-05-03 13:17:13+00:00,UK flags fly at Ukraine's parliament as Boris Johnson gives speech https://t.co/3zMS31whBk via @MailOnline
163,1521478982578974722,2022-05-03 13:17:11+00:00,I have never earned anything close to what Boris Johnson earns and probably never will. Yet I can guarantee you I‚Äôd‚Ä¶ https://t.co/HAR6V8B2Wg
164,1521478957052219392,2022-05-03 13:17:05+00:00,"#Ukraine #BorisJohnson ‚ÄòUkraine will be free,‚Äô Boris Johnson tells country‚Äôs parliament: There should be no peace s‚Ä¶ https://t.co/1i3Udu9DcS"
165,1521478956905508865,2022-05-03 13:17:05+00:00,"‚ÄòUkraine will be free,‚Äô Boris Johnson tells country‚Äôs parliament https://t.co/qB9rFZqFsn"
166,1521478933933264897,2022-05-03 13:17:00+00:00,Boris Johnson bragged about introducing free bus passes for pensioners after being told that an elderly woman is sp‚Ä¶ https://t.co/VoF36DFOuR
167,1521478928875069440,2022-05-03 13:16:59+00:00,"Our brave new churchill hiding from transparency !! 

Boris Johnson is corrupt without a shadow of a doubt https://t.co/kjjVBTxsp6"
168,1521478915734360064,2022-05-03 13:16:55+00:00,Storm as Boris Johnson told about London pensioner who rides bus to stay warm...and says ‚ÄòI gave her the pass‚Äô - Ev‚Ä¶ https://t.co/GEdyMUYGA6
169,1521478915474300930,2022-05-03 13:16:55+00:00,"@ulrichspeck @schnellenbachj You actually start to realise how bad it is in Europe, if Boris ‚ÄûBREXIT &amp; COVID-pary‚Äú‚Ä¶ https://t.co/3hjBv0BAFt"
170,1521478902144811010,2022-05-03 13:16:52+00:00,@benglaze Alexander Boris Depeffel Johnson is  so relatable to ordinary people..
171,1521478901964414976,2022-05-03 13:16:52+00:00,@garth79754412 @campbellclaret Try linking the full comment rather than the headline.  I can‚Äôt find any condemnatio‚Ä¶ https://t.co/bIGWxU8gbn
172,1521478880544055303,2022-05-03 13:16:47+00:00,"Number 10 insists Boris Johnson and Emmanuel Macron haven‚Äôt fallen, despite ‚ÄòLe Snub‚Äô¬†continuing https://t.co/AVVhT8At78"
173,1521478802660020224,2022-05-03 13:16:28+00:00,Suzanna Reid absolutely ripping Boris Johnson a new arsehole üôåüèºüôåüèº things you love to see
174,1521478796574089217,2022-05-03 13:16:27+00:00,Lol another fail.  ‚Å¶‚Å¶@Keir_Starmer‚Å© scores OWN goal as Labour whinging backfires over Boris Ukraine masterstroke https://t.co/CNZA8ExHjd
175,1521478784867840000,2022-05-03 13:16:24+00:00,"Boris Johnson says Putin 'sowing seeds of catastrophe' and declares 'Ukraine will win'
https://t.co/mp9fmoH3id https://t.co/QHw1y2Qhty"
176,1521478757952991232,2022-05-03 13:16:18+00:00,The British often are too nice and polite. In other countries on the continent Boris Johnson would have been a 'hea‚Ä¶ https://t.co/zQvJwp4yO4
177,1521478756522770432,2022-05-03 13:16:17+00:00,Boris Johnson Calls Russia War ‚ÄòUkraine‚Äôs Finest Hour‚Äô https://t.co/nXp1CqgG39
178,1521478730853535744,2022-05-03 13:16:11+00:00,@RichardJMurphy @susannareid100 @BorisJohnson Does anyone actually ‚Äúlike‚Äù Boris Johnson ?  He is not a likeable man
179,1521478707478732800,2022-05-03 13:16:06+00:00,'Tone deaf': Johnson criticised for cost of living response https://t.co/AIrVEAScXS via @yahooNewsUK
180,1521478692077289473,2022-05-03 13:16:02+00:00,@thatginamiller Having a person such as Boris Johnson as Prime Minister in an international crisis such as we are i‚Ä¶ https://t.co/zGcUInK7na
181,1521478686091923457,2022-05-03 13:16:01+00:00,"@MPrepuce I can not see good things coming from there anytime soon while it's so republican. 

I thought we had it‚Ä¶ https://t.co/W4s3Qt7nJw"
182,1521478675245453314,2022-05-03 13:15:58+00:00,"Boris Johnson told Susanna Reid the Tories are doing all they can to help people pay their bills, then said they co‚Ä¶ https://t.co/r64DJ47hky"
183,1521478649374932992,2022-05-03 13:15:52+00:00,"Boris Johnson: Ukraine will win war and 'be free' https://t.co/E9RXitrebP via @YouTube 
@InnaSovsun 
#UkraineRussiaWar"
184,1521478645008711681,2022-05-03 13:15:51+00:00,"Is anyne surprised?
https://t.co/hLT1D9cYgk"
185,1521478641452036099,2022-05-03 13:15:50+00:00,#BorisJohnson insists he I'd honest??ü§£ü§£  Spot the lie!ü§£https://t.co/TkDgTbd7B2
186,1521478621801680896,2022-05-03 13:15:45+00:00,Are people that thick that they can‚Äôt see that Johnson‚Äôs immediate involvement in Ukraine and ever since has been u‚Ä¶ https://t.co/SYKQbA7ffv
187,1521478592965890048,2022-05-03 13:15:38+00:00,"@RhonddaBryant Boris Johnson there producing Churchill soundbites for domestic consumption 

Churchill not terribly‚Ä¶ https://t.co/gAyLT85HPw"
188,1521478546841128962,2022-05-03 13:15:27+00:00,"@GMB @susannareid100 Band F, you say?
Boris Johnson wants Elsie to sell her home to pay for heating and food."
189,1521478524661637122,2022-05-03 13:15:22+00:00,"#russiaukraineconflict
Ukraine Russia Conflict: UK to give ¬£300 million support package to Ukraine
Boris Johnson ha‚Ä¶ https://t.co/GHcfLFv1Qa"
190,1521478497247678465,2022-05-03 13:15:16+00:00,"Boris Johnson just writes Labour‚Äôs campaign material for them! It‚Äôs like the ‚ÄòCrisis? What crisis?‚Äô of today.

He‚Äôs‚Ä¶ https://t.co/nYDCdKgoSi"
191,1521478444953001986,2022-05-03 13:15:03+00:00,"Boris Johnson is considering giving some proceeds of the sale of #Chelsea to grassroots football in the United Kingdom.
[via @thetimes]"
192,1521478444424515587,2022-05-03 13:15:03+00:00,@jcplinth @Paul44890668 @UKLabour @AngelaRayner Think Boris ( man of the people ) Johnson  should stay in the fridge next time‚Ä¶
193,1521478441098526722,2022-05-03 13:15:02+00:00,@toryboypierce Seriously?! SERIOUSLY?! When he goes on national tv and makes a total fool out of himself you have t‚Ä¶ https://t.co/2JE8YgJnj0
194,1521478435792732161,2022-05-03 13:15:01+00:00,"@DPJHodges It‚Äôs Johnson, don‚Äôt call him Boris"
195,1521478387285602304,2022-05-03 13:14:49+00:00,The news at 15:14:49 is News Source: The Guardian Title: Boris Johnson admits efforts to ease cost of living crisis‚Ä¶ https://t.co/d4TwNtMOGY
196,1521478381619003392,2022-05-03 13:14:48+00:00,Brexit LIVE: 'Problem will grow' Grim warning UK still shackled to EU's 'porous borders' https://t.co/kPk1yhoCTg
197,1521478364355256323,2022-05-03 13:14:44+00:00,"‚ÄòUkraine will be free,‚Äô Boris Johnson tells country‚Äôs parliament https://t.co/6cY44RjFx1"
198,1521478357396955136,2022-05-03 13:14:42+00:00,At times in her interview with Boris Johnson @susannareid100 looks like when a Primary teacher tries to hold her br‚Ä¶ https://t.co/Iwe3M9nMQI
199,1521478346802139136,2022-05-03 13:14:40+00:00,I see we're doing that thing again where we pretend Boris Johnson gives a shit about seeming dishonest or callous i‚Ä¶ https://t.co/plZmZIkrfk
200,1521478339646603266,2022-05-03 13:14:38+00:00,"Analysis: PM keen to cast himself as Churchillian figure in address to Ukrainian parliament 

""The Ukrainians don't‚Ä¶ https://t.co/zsOQ220amU"
201,1521478293123481603,2022-05-03 13:14:27+00:00,"Saville, not Jimmy. Johnson, not Boris. Just saying. #JohnsonOut99 #VoteTheToryCriminalsOut #JohnsonOut99‚Ä¶ https://t.co/a86J6rY7tM"
202,1521478223011405824,2022-05-03 13:14:10+00:00,"Boris Johnson: '¬£250,000 is Chickenfeed' https://t.co/BmHTPeJSHN via @YouTube @citizentommy @mikecoulson48‚Ä¶ https://t.co/t7es4XyVuN"
203,1521478110671163392,2022-05-03 13:13:43+00:00,"Who‚Äôs Lorraine, asks Boris Johnson. There‚Äôs an easy way to find out‚Ä¶

(Sketch here, on this, and the sick ingratitu‚Ä¶ https://t.co/jKklMA9EJJ"
204,1521478100000952321,2022-05-03 13:13:41+00:00,@cononeilluk Boris Johnson needs to see a doctor. Lying this much is not a normal human behavior
205,1521478093076148224,2022-05-03 13:13:39+00:00,"@BorisJohnson It wasn't exactly YOUR finest hour this morning on #GMB.

My advice is to pack up and go. NOW. Don't‚Ä¶ https://t.co/XiHTNFQEp6"
206,1521478077913735170,2022-05-03 13:13:36+00:00,"Boris Johnson‚Äôs GMB interview shows ‚Äònarcissistic‚Äô PM ‚Äòout of touch‚Äô, says Labour ‚Äì UK politics live https://t.co/KjsWR8sb3o"
207,1521478067327488002,2022-05-03 13:13:33+00:00,I think 'thus it always was' and Darwin only got the direction wrong.  I have a painful suspicion we ain't at the b‚Ä¶ https://t.co/DjPku9rztu
208,1521478035488260097,2022-05-03 13:13:26+00:00,Government Refusing to Release Documents Related to Meeting Between Boris Johnson and Cambridge Analytica ‚Äì Byline‚Ä¶ https://t.co/SAg8U4TV4y
209,1521477985072779271,2022-05-03 13:13:13+00:00,Boris Johnson confirms 300m aid to Ukraine in address to countrys MPs https://t.co/v1zAd5upqq
210,1521477971227426816,2022-05-03 13:13:10+00:00,"Boris Johnson calls Russia's war in Ukraine a battle between ""right versus wrong... good versus evil,"" as he gives‚Ä¶ https://t.co/zORFIVS2X0"
211,1521477968572284929,2022-05-03 13:13:10+00:00,Boris Johnson admits efforts to ease cost of living crisis not enough | Cost of living crisis | The Guardian https://t.co/IUfth2Ue66
212,1521477939849797632,2022-05-03 13:13:03+00:00,Boris Johnson Calls Russia War ‚ÄòUkraine‚Äôs Finest Hour‚Äô - https://t.co/dIM8zWM7xr https://t.co/d2hEujMcPM
213,1521477927350767616,2022-05-03 13:13:00+00:00,"Susanna Reid swipes at Boris Johnson as he asks ‚ÄòWho's Lorraine‚Äô amid grilling
https://t.co/bPeuxJJ5YU https://t.co/2fW9nDH0O1"
214,1521477851043831809,2022-05-03 13:12:42+00:00,"Voices: The PM‚Äôs response to a cold, hungry pensioner tells us all we need to know about Boris Johnson 

https://t.co/64DgQftVlr"
215,1521477844798423041,2022-05-03 13:12:40+00:00,Ukraine MPs give Boris standing ovation 'never seen' before as UK unleashes ¬£300m lifeline https://t.co/zIgmnUiE0t
216,1521477832240738304,2022-05-03 13:12:37+00:00,"Boris Johnson speech in Ukraine:

Cringe üò¨ 

All globalist puppets.

#TomHarwood #Zelenski"
217,1521477810946289665,2022-05-03 13:12:32+00:00,"In 2016, during his Brexit campaign, Boris Johnson blamed Russia‚Äôs invasion of Crimea on the EU &amp; was called a ‚ÄòPut‚Ä¶ https://t.co/64vPj1jMXO"
218,1521477803031605248,2022-05-03 13:12:30+00:00,"Boris Johnson defends cost of living response amid calls for more  The PM says there is ""more that we can do"", but‚Ä¶ https://t.co/tekv1UJ6PP"
219,1521477800573681665,2022-05-03 13:12:30+00:00,@ellyj70551901 @roxybro54357245 @dunstablian It's right though. The only dicks are those that have been lobotomised‚Ä¶ https://t.co/oDkBL77dIb
220,1521477793594359810,2022-05-03 13:12:28+00:00,Boris Johnson determined to spurt out his script and blubbering all over #susannareid and her questions! She played‚Ä¶ https://t.co/9nSGirtaUs
221,1521477781544177665,2022-05-03 13:12:25+00:00,Whilst UK news shows continue to ignore footage blowing apart Boris Johnson‚Äôs claim he didn‚Äôt know  covid could be‚Ä¶ https://t.co/vgN4hukU8x
222,1521477770060181508,2022-05-03 13:12:22+00:00,"Boris ""Lies"" Johnson says Ucrania is winning the proxy war @WRadioColombia no one wins with wars, even less ""destro‚Ä¶ https://t.co/MrgFA5FHlU"
223,1521477769351344129,2022-05-03 13:12:22+00:00,Boris Johnson is like Putin. He doesn't mind how many people die as long as it helps him get votes and attention.. https://t.co/BNu0t4Gkck
224,1521477766885036033,2022-05-03 13:12:21+00:00,Prime Minister Boris Johnson and Secretary of State for Health Sajid Javid: Stop Denying Patients Access to Medical‚Ä¶ https://t.co/rFAo2lkYUZ
225,1521477749227114496,2022-05-03 13:12:17+00:00,"In retaliation to GMB's terrible treatment of the beautiful Boris Johnson, @NadineDorries has announced plans to privatise ITV &amp; GMB."
226,1521477740532219907,2022-05-03 13:12:15+00:00,Number 10 insists Boris Johnson and Emmanuel Macron have not fallen out despite ‚ÄòLe Snub‚Äô¬†continuing https://t.co/eDLXMjqroU
227,1521477737554362368,2022-05-03 13:12:14+00:00,"@RuthieR @Peston @RoyHStAsaph @susannareid100 Boris Johnson: Attention on Me! Over here, me not Elsie, me, me MEEEE‚Ä¶ https://t.co/U5RCGCay7j"
228,1521477734492483584,2022-05-03 13:12:14+00:00,@PoliticsJOE_UK Boris Johnson not knowing where Whitley Bay is.
229,1521477731719991296,2022-05-03 13:12:13+00:00,"Prime Minister Boris Johnson's address to the Ukrainian Parliament: 3 May 2022

https://t.co/XHI0EbWteK"
230,1521477714724757504,2022-05-03 13:12:09+00:00,"Zelenskyy Speaks In Rada For First Time Since War Beginning, Boris Johnson Announces GBP 300m Aid To Ukraine https://t.co/dsUn19oGtX"
231,1521477700820647936,2022-05-03 13:12:06+00:00,Boris Johnson Tells Kyiv Parliament Ukraine ‚ÄúWill Win‚Äù War With Russia https://t.co/HmnvUvv1ku
232,1521477693241532416,2022-05-03 13:12:04+00:00,Boris Johnson ‚Äî the first world leader to address Ukraine's parliament since the invasion began ‚Äî invokes Churchill‚Ä¶ https://t.co/JJ1FYnSYAl
233,1521477683867172865,2022-05-03 13:12:02+00:00,"Boris Johnson is considering giving some proceeds of the sale of Chelsea to grassroots football in the United Kingdom.

[via @thetimes ]"
234,1521477679039528961,2022-05-03 13:12:01+00:00,/2 as the article says: Johnson was nine years old when it was introduced.  But that's a classic #deadcat !  Lets n‚Ä¶ https://t.co/gI9RxockZA
235,1521477675705008128,2022-05-03 13:12:00+00:00,The Prime Minister of the United Kingdom Boris #Johnson addressed the Ukrainian Parliament via video link.‚Ä¶ https://t.co/aiqRL99n4u
236,1521477634676326400,2022-05-03 13:11:50+00:00,Standing ovation for Boris Johnson as he tells Ukraine MPs ‚Äòyou will¬†win‚Äô https://t.co/hnJNCvgdxf
237,1521477631526457344,2022-05-03 13:11:49+00:00,@susannareid100 I thought you were fantastic.  Sadly we all know what Boris Johnson is so no surprises there.
238,1521477630687682561,2022-05-03 13:11:49+00:00,‚ÄòWho‚Äôs Lorraine?‚Äô Boris Johnson once again proved he‚Äôs a man of the people | Tom Peck https://t.co/lUknnSntzz
239,1521477624677216257,2022-05-03 13:11:48+00:00,"@ulrichspeck Did you notice that Boris Johnson went to Kyiv right after talks with Scholz?
I wonder what exactly did they discuss."
240,1521477621799915522,2022-05-03 13:11:47+00:00,This latest plan from the Tories shows they have totally run out of ideas to solve our UK housing crisis.  We need‚Ä¶ https://t.co/35gzpv8yta
241,1521477601361117184,2022-05-03 13:11:42+00:00,"(Posted minus comment)

https://t.co/pIDzArZHmm"
242,1521477592154525696,2022-05-03 13:11:40+00:00,He's a fucking liar Exclusive: Boris Johnson Declares He's an 'Honest' Politician Despite Pa... https://t.co/c0jw94BhAR via @YouTube
243,1521477591781236736,2022-05-03 13:11:40+00:00,"""Invoking Churchill, Boris Johnson says the war is ‚ÄòUkraine‚Äôs finest hour.‚Äô"" by Mark Landler via NYT https://t.co/C3aftn7WDb"
244,1521477589143101440,2022-05-03 13:11:39+00:00,@toryboypierce Why don't you report that Russia broadcasting that it will bomb (nuclear) the UK because of Boris Jo‚Ä¶ https://t.co/639dnCJjHW
245,1521477566498025472,2022-05-03 13:11:34+00:00,"Boris Johnson defends cost of living response amid calls for more - BBC News
Who voted for this elitist self servin‚Ä¶ https://t.co/dZLXwyivRF"
246,1521477558998605825,2022-05-03 13:11:32+00:00,@JumbleRates @RatatoskrUK @KatTrimble @giggsy69 @MartinSLewis Before any civil unrest ~ the Tory MPs get to fire Bo‚Ä¶ https://t.co/HYSiO0hFbc
247,1521477522596274176,2022-05-03 13:11:23+00:00,"@susannareid100 And the Freedom Pass was introduced in 1973 - not by Boris Johnson!

#ToriesOut5thMay #BorisTheLiar #JohnsonOut99*"
248,1521477516283809792,2022-05-03 13:11:22+00:00,"@GBNEWS Boris Johnson's blunder, really? 
If you don't know something, you just don't know. No blunder"
249,1521477515436511232,2022-05-03 13:11:22+00:00,"The PM‚Äôs response to a cold, hungry pensioner tells us all we need to know | Tom Peck https://t.co/XEaAfPQ3Ja"
250,1521477504770482176,2022-05-03 13:11:19+00:00,"‚ÄúLet them eat bus passes.‚Äù

Cost of living: Boris Johnson criticised for 'out of touch' response to pensioner ridin‚Ä¶ https://t.co/Hm3W6Sjc9a"
251,1521477504510349312,2022-05-03 13:11:19+00:00,@skysarahjane @SkyNewsBreak Boris Johnson saying the right things on Ukraine now but let's not forget during the EU‚Ä¶ https://t.co/JeoLvn9fi5
252,1521477494129500164,2022-05-03 13:11:16+00:00,How wonderful that Boris Johnson brought in the 24 hour freedom pass so freezing OAPs can use it to sit on the bus to save on heating.
253,1521477478413438978,2022-05-03 13:11:13+00:00,Boris Johnson Takes Credit For Bus Pass After Being Told Pensioner Uses It To Keep Warm - HuffPost UK.  https://t.co/PLMYqGAIZN
254,1521477440714981379,2022-05-03 13:11:04+00:00,"@ansh_roger007 @Georgin40427121 @BorisJohnson I‚Äôm so Proud of my PM Boris Johnson .
The speech he gave to Ukraine P‚Ä¶ https://t.co/YKz9KaToyO"
255,1521477432359981056,2022-05-03 13:11:02+00:00,"Lorraine Kelly fans hit back at Boris Johnson as he claims he doesn't know who presenter is #LorraineKelly #lorraine
https://t.co/YlexlPKkQD"
256,1521477388412104710,2022-05-03 13:10:51+00:00,Good vs Evil https://t.co/0rD9RNaWBT
257,1521477372448546817,2022-05-03 13:10:47+00:00,"@ridsdaleishere I don't want to contribute to any War anywhere, Albert.  We have an abundance of Hungry Children in‚Ä¶ https://t.co/OMLIVhSet9"
258,1521477368568811522,2022-05-03 13:10:47+00:00,"And Boris Johnson wet himself in #gmb 

There will be no glorious chapters for the CONVICT Boris Johnson who brough‚Ä¶ https://t.co/u8lpkEsm3D"
259,1521477361560076288,2022-05-03 13:10:45+00:00,"All the while giving billions in foreign Aid! thanks Boris!

Boris Johnson condemned over interview about 77-year-o‚Ä¶ https://t.co/HgdPzzannh"
260,1521477351313453056,2022-05-03 13:10:42+00:00,Boris Johnson boasts about his Freedom Pass after being told pensioner rides bus all day to keep warm‚Ä¶ https://t.co/mQAWzhOmEC
261,1521477342123765762,2022-05-03 13:10:40+00:00,"Shameful hot air lying levelling down Tory policy! #JohnsonOut99
Riven by scandal and division, the Tories have all‚Ä¶ https://t.co/MFGHtoyGKV"
262,1521477297160732672,2022-05-03 13:10:29+00:00,"@AkanKwaku Focus on the real villains:
https://t.co/RwRC7PXHkf"
263,1521477284959592456,2022-05-03 13:10:27+00:00,"'Boris Johnson like a sleeper agent for Scottish independence,' says comedian Nish Kumar  https://t.co/kI189NSyLA"
264,1521477280534511624,2022-05-03 13:10:26+00:00,@paulapeters2 @1kilroywashere @charlotteh71 @blueannoyed @irisstylosa @RandolphTrent @Age_UK_Enfield @dorset_eye‚Ä¶ https://t.co/jZ7NP56lGg
265,1521477263623081987,2022-05-03 13:10:21+00:00,@PiersUncensored @piersmorgan @TalkTV Give it a rest. THIS is more important: https://t.co/yn1qb7qjwy
266,1521477261525979137,2022-05-03 13:10:21+00:00,Boris Johnson!!! https://t.co/SPenD5b0Dm
267,1521477258787106818,2022-05-03 13:10:20+00:00,"Russia-Ukraine war: Moscow plans to annex Donetsk and Luhansk, US says; Boris Johnson tells Ukraine it will win in‚Ä¶ https://t.co/dVQAkcCQb8"
268,1521477258606690310,2022-05-03 13:10:20+00:00,"‚ÄòWho‚Äôs Lorraine?‚Äô Boris Johnson once again proved he‚Äôs a man of the people | Tom Peck https://t.co/lUknnSntzz 

Oh‚Ä¶ https://t.co/o6MQlu2h32"
269,1521477247890247681,2022-05-03 13:10:18+00:00,"Russia-Ukraine war: Moscow plans to annex Donetsk and Luhansk, US says; Boris Johnson tells Ukraine it will win in‚Ä¶ https://t.co/LxX46pTtsx"
270,1521477245860208641,2022-05-03 13:10:17+00:00,"@gray @IanDunt Which Boris himself made possible! Nothing to eat, no heating, just ride around the bus! Boris will‚Ä¶ https://t.co/ynCNxBZWmr"
271,1521477217561288705,2022-05-03 13:10:11+00:00,"@PeterStefanovi2 @GMB @kitmalthouse Sky News going Orgasmic on Boris Johnson speech. Honest to God, according to Sk‚Ä¶ https://t.co/Nz0BCRD9Jw"
272,1521477208602292226,2022-05-03 13:10:08+00:00,@lesiavasylenko Don't think of Boris as your friend. He has made it as difficult as possible for Ukrainian citizens‚Ä¶ https://t.co/TU1Z4lFFRL
273,1521477205058019331,2022-05-03 13:10:08+00:00,@Councillorsuzie @mrjamesob Wait till you hear about Boris Johnson üòâ
274,1521477195289477122,2022-05-03 13:10:05+00:00,@DMinghella I suppose you can understand their embarrassment in being associated with PM Boris - 'Honest' Johnson‚Ä¶ https://t.co/1JW8ceWT1e
275,1521477159294021633,2022-05-03 13:09:57+00:00,"Boris Johnson‚Äôs GMB interview shows ‚Äònarcissistic‚Äô PM ‚Äòout of touch‚Äô, says Labour ‚Äì UK politics live https://t.co/nnldNjaosW"
276,1521477103522361345,2022-05-03 13:09:43+00:00,BREAKING NEWS: Culture Secretary @NadineDorries announces plans to privatise ITV following the screening of an inte‚Ä¶ https://t.co/iRsRuMKi0i
277,1521477093728702465,2022-05-03 13:09:41+00:00,üá¨üáß Boris Johnson addressed the Verkhovna Rada of Ukraine.The British prime minister announced the supply of new wea‚Ä¶ https://t.co/24MHRtLh8B
278,1521477092168372230,2022-05-03 13:09:41+00:00,It is actually immoral and inhumane to use Ukraine and our taxpayers money to attempt to distract from Boris Johnso‚Ä¶ https://t.co/ueM7T4TVC4
279,1521477071163305984,2022-05-03 13:09:36+00:00,Boris Johnson will invoke Winston Churchill as he the first world leader to address Kyiv parliament | Daily Mail On‚Ä¶ https://t.co/JS6MFYeAt4
280,1521477054235123717,2022-05-03 13:09:32+00:00,Prime Minister Boris Johnson and Secretary of State for Health Sajid Javid: Stop Denying Patients Access to Medical‚Ä¶ https://t.co/AHYR0moXiJ
281,1521477048296001536,2022-05-03 13:09:30+00:00,"üö®FACT CHECKüö®

BORIS JOHNSON IS FULL OF SHIT.

#JohnsonOut99"
282,1521477043032002560,2022-05-03 13:09:29+00:00,Boris Johnson‚Äôs claim he introduced Freedom bus pass exceeds what he did as London mayor https://t.co/XLaqZyiJ2b
283,1521477028389822464,2022-05-03 13:09:25+00:00,"As if there wasn‚Äôt already enough reasons for Boris Johnson to resign, now we find out he doesn‚Äôt know national tre‚Ä¶ https://t.co/vNFvi0AJ8H"
284,1521477012296282113,2022-05-03 13:09:22+00:00,"I find myself in complete agreement with our PM. Well said.

https://t.co/nFaNuc9lwa"
285,1521477009054093314,2022-05-03 13:09:21+00:00,"https://t.co/mejcMmDKs1
Cost of living: Boris Johnson criticised for 'out of touch' response to pensioner riding bu‚Ä¶ https://t.co/TIf32BtzbH"
286,1521476973008195584,2022-05-03 13:09:12+00:00,Here Boris Johnson explains to a couple his jolly wheeze for keeping warm when you can't afford to heat your home. https://t.co/gLdwTBxylk
287,1521476959380856832,2022-05-03 13:09:09+00:00,Right to Buy: Boris Johnson's plan to extend scheme branded the ‚Äòopposite of what the country needs‚Äô - The Big Issue https://t.co/LYksijI4Qa
288,1521476958961479682,2022-05-03 13:09:09+00:00,I‚Äôve said it before and I‚Äôll say it again. The difference between Buhari and Boris Johnson is packaging. Incompetence is incompetence!
289,1521476946068189184,2022-05-03 13:09:06+00:00,"The ONLY REASON Boris Johnson is still infesting Downing Street &amp; UK politics is due to Russia invading Ukraine..
H‚Ä¶ https://t.co/Whd0Ruez5u"
290,1521476931644010498,2022-05-03 13:09:02+00:00,Extreme cynical opportunism by Boris Johnson today giving a speech to the Ukraine parliament two days before counci‚Ä¶ https://t.co/ogNlvz85TH
291,1521476920717680642,2022-05-03 13:09:00+00:00,WE CAN'T LOSE BORIS.Having watched his excellent press conference in India it amazes me how focused he is on what m‚Ä¶ https://t.co/LxwWEMQ8AK
292,1521476909401620482,2022-05-03 13:08:57+00:00,"Oh that‚Äôs a disaster then if GMB viewers think that üòÇüòÇüòÇ

https://t.co/liaQRciLxD"
293,1521476891571539968,2022-05-03 13:08:53+00:00,Boris Johnson receives the honour of being the first world leader to address Ukraine‚Äôs Parliament since Russia inva‚Ä¶ https://t.co/swTDswpvk6
294,1521476889260576768,2022-05-03 13:08:52+00:00,"@lesiavasylenko There are two types of people - those Johnson has already disappointed and betrayed, and those John‚Ä¶ https://t.co/9qMioe7Tdg"
295,1521476875708735492,2022-05-03 13:08:49+00:00,"Alexander Boris De Pfeffel Johnson, the Cosplay PM... https://t.co/LCgCUGKAU2"
296,1521476863092310018,2022-05-03 13:08:46+00:00,"The Prime Minister has had his say. The commentators have had theirs. 

Now have yours. My full Downing St intervie‚Ä¶ https://t.co/pto68e2rMo"
297,1521476799502376960,2022-05-03 13:08:31+00:00,PM Boris Johnson Unveils $376 Million More In UK Military Aid To¬†Ukraine https://t.co/gIkXoqLHrd
298,1521476787762511878,2022-05-03 13:08:28+00:00,Boris Johnson disrespects Scots 'legend' Lorraine Kelly in GMB blunder https://t.co/RpqN5oTOGK
299,1521476782637133825,2022-05-03 13:08:27+00:00,@RhonddaBryant I blame you and your party for Boris Johnson. People are horrified at what Labour has become. Or is‚Ä¶ https://t.co/HBMYuznYuy
300,1521476775703769089,2022-05-03 13:08:25+00:00,"RUSSO-UKRAINIAN WAR: Ukraine will win war and 'be free', Boris Johnson tells Kyiv parliament - Sky News‚Ä¶ https://t.co/j22zv1uGTy"
301,1521476682095333382,2022-05-03 13:08:03+00:00,@nytimes US &amp; UK govt's invoke Boris Johnson to tell us the Russian invasion getting stuck 50km inside the poorest‚Ä¶ https://t.co/6Z2GRoX3TA
302,1521476672066928640,2022-05-03 13:08:00+00:00,"Boris Johnson‚Äôs GMB interview shows ‚Äònarcissistic‚Äô PM ‚Äòout of touch‚Äô, says Labour ‚Äì UK politics¬†live https://t.co/OkAFQ22Jgd"
303,1521476667805519873,2022-05-03 13:07:59+00:00,@hmtreasury @RishiSunak This lady has to ride on a bus all the day to keep warm while you're spending a fortune on‚Ä¶ https://t.co/fqPCaFavvr
304,1521476657932115972,2022-05-03 13:07:57+00:00,"Vladimir Putin has ‚Äúsowed the seeds of catastrophe‚Äù for himself by invading Ukraine, Boris Johnson has said in an a‚Ä¶ https://t.co/oKGvhHXiJo"
305,1521476651602878464,2022-05-03 13:07:56+00:00,"TO THE UKRAINIAN PEOPLE,
BORIS LIAR JOHNSON IS TALKING A LOAD BS HE IS HOPING TO GET ON YOUR (cont) https://t.co/K0urlv1Cxq"
306,1521476627968016386,2022-05-03 13:07:50+00:00,@kercle Boris Johnson is only addressing the Uranian Parliament to try and make an impression on people in the UK s‚Ä¶ https://t.co/pa26CLICy0
307,1521476613405384704,2022-05-03 13:07:46+00:00,".‚Å¶@BorisJohnson‚Å© just can‚Äôt stop lying.

Honestly ‚Å¶@BorisJohnson‚Å© you disgust me. Your are a disgrace to the countr‚Ä¶ https://t.co/TGt67VBWgm"
308,1521476563899924480,2022-05-03 13:07:35+00:00,The Prime Minister also rejected fresh demands to impose a windfall tax on energy companies after BP announced its‚Ä¶ https://t.co/P98YswXVJY
309,1521476545897979904,2022-05-03 13:07:30+00:00,Boris Johnson brags about bus passes in GMB grilling on cost-of-living crisis  https://t.co/0Ks59b7Cwz
310,1521476528785211392,2022-05-03 13:07:26+00:00,"Just heard the people of Ukraine love Boris Johnson
Any chance he can piss off over there and take all his cronies with him"
311,1521476521944363016,2022-05-03 13:07:25+00:00,Prime Minister Boris Johnson and Secretary of State for Health Sajid Javid: Stop Denying Patients Access to Medical‚Ä¶ https://t.co/u7LPEBVvrA
312,1521476502235361282,2022-05-03 13:07:20+00:00,"Update:  
Boris Johnson accused of lying after claiming he invented London Bus Freedom Pass
He was actually nine ye‚Ä¶ https://t.co/2U9plocZVA"
313,1521476496979677185,2022-05-03 13:07:19+00:00,https://t.co/20bMDKga7q Senior Tory to meet police over ‚Äòblackmail‚Äô claims against Boris Johnson‚Äôs whips https://t.co/8PavLgAITA
314,1521476477346324480,2022-05-03 13:07:14+00:00,@Peston @susannareid100 Tone deaf. Or just another day in crucial U.K. PM Boris Johnson‚Äôs narcissist bubble. #ConservativesOut
315,1521476395771338752,2022-05-03 13:06:55+00:00,@SteveBarclay Here's the real story of Tory Britain 2022. You're all a disgrace. The upside is the local elections‚Ä¶ https://t.co/nuV30VqlMX
316,1521476372446732289,2022-05-03 13:06:49+00:00,"Boris Johnson has admitted the government ‚Äòcan do more‚Äô to help families struggling with rising bills, but warned t‚Ä¶ https://t.co/hknwaE7tZg"
317,1521476330914607104,2022-05-03 13:06:39+00:00,"British Prime Minister Boris Johnson has witnessed his public support wane in recent months, and he sees the‚Ä¶ https://t.co/gGsPGAG4Ku"
318,1521476322513481728,2022-05-03 13:06:37+00:00,Boris Johnson joins lobbying for UK chip designer Arm to list in London https://t.co/pg3v3qr4S9
319,1521476300061515779,2022-05-03 13:06:32+00:00,The UK Government is withholding info about Boris Johnson's meeting with Cambridge Analytica on the grounds of data‚Ä¶ https://t.co/Iq6o9NO7YK
320,1521476280709009417,2022-05-03 13:06:27+00:00,"Vladimir Putin has ‚Äúsowed the seeds of catastrophe‚Äù for himself by invading Ukraine, Boris Johnson has said in an a‚Ä¶ https://t.co/lfUyZPJs4l"
321,1521476269392683008,2022-05-03 13:06:24+00:00,Lorraine Kelly wants GMB‚Äôs Susanna Reid to become Prime Minister following Boris Johnson¬†grilling https://t.co/4ZvLtOgW7z
322,1521476268067373056,2022-05-03 13:06:24+00:00,Prime Minister Boris Johnson and Secretary of State for Health Sajid Javid: Stop Denying Patients Access to Medical‚Ä¶ https://t.co/DgzR1Hdc2x
323,1521476229005824002,2022-05-03 13:06:15+00:00,"TO THE UKRAINIAN PEOPLE,
BORIS LIAR JOHNSON IS TALKING A LOAD BS HE IS HOPING TO GET ON YOUR (cont) https://t.co/QvXPa5sXB7"
324,1521476227915259906,2022-05-03 13:06:15+00:00,"Boris Johnson has told Ukrainian MPs that the UK 'knows Ukraine will win'.

The PM is the first world leader to add‚Ä¶ https://t.co/rTOSpxWdOA"
325,1521476192536346624,2022-05-03 13:06:06+00:00,Boris Johnson‚Äôs leaked proposal to let social tenants buy their homes slammed as ‚Äòhare¬†brained‚Äô https://t.co/9GTF2AP0PA
326,1521476170352582656,2022-05-03 13:06:01+00:00,@Gumby1903 @Antonineone1 @KevinPascoe @MaireadNeu @BriefcaseMike @michaelnixon70 @Shirley747 @juliasilezin‚Ä¶ https://t.co/VaF5yioLLm
327,1521476148227715077,2022-05-03 13:05:56+00:00,"'Good versus evil': Ukraine will win war and 'be free', Boris Johnson tells Kyiv parliament https://t.co/pdzFfXSVIy‚Ä¶ https://t.co/uKuPJ0BlSF"
328,1521476127188996098,2022-05-03 13:05:51+00:00,"UK flags fly at Ukraine's parliament as Boris Johnson gives speech
Fantastic! #SlavaUkraini #BackBoris ‚Å¶‚Ä¶ https://t.co/qsBRCLlepX"
329,1521476111812730881,2022-05-03 13:05:47+00:00,"Boris Johnson proudly tells @GMB viewers his Government is recruiting 20,000 police officers forgetting his party h‚Ä¶ https://t.co/HJKYxqjUJA"
330,1521476110906757121,2022-05-03 13:05:47+00:00,PM Boris Johnson Unveils $376 Million More In UK Military Aid To¬†Ukraine https://t.co/rQTrOLX6vo
331,1521476100509126656,2022-05-03 13:05:44+00:00,Boris Johnson becomes first world leader to address Ukrainian parliament since the invasion. British prime minister‚Ä¶ https://t.co/TpNRqvBhLP
332,1521476033630949377,2022-05-03 13:05:28+00:00,@10DowningStreet How does this help this woman and many others? https://t.co/yn1qb7qjwy
333,1521476020523741189,2022-05-03 13:05:25+00:00,https://t.co/RXV5gUjTen @BorisJohnson you do know we know what you are doing and not a penny will be spent on the p‚Ä¶ https://t.co/wyUqboXfZ3
334,1521476003712933888,2022-05-03 13:05:21+00:00,He went with the whole cabinet to smile at Boris Johnson and now he‚Äôs being arrogant https://t.co/6x05xEE4I6
335,1521475975980199936,2022-05-03 13:05:14+00:00,@EnglishAndProu3 ‚ö†Ô∏èSusanna Reid confronts Boris Johnson about pensioner Elsie 'who rides the bus ALL DAY because sh‚Ä¶ https://t.co/0MeIJrDzEi
336,1521475950302666752,2022-05-03 13:05:08+00:00,"Blairs greatest achievement was Boris Johnson. We are now so terrified of Liebour that Boris can do anything, or no‚Ä¶ https://t.co/9XZ6R0kw9G"
337,1521475943411421185,2022-05-03 13:05:07+00:00,"The resistance to Russia‚Äôs invasion will rank as ‚ÄúUkraine‚Äôs finest hour,‚Äù Prime Minister Boris Johnson of Britain s‚Ä¶ https://t.co/y35npSvo7q"
338,1521475930526474240,2022-05-03 13:05:04+00:00,BREAKING: You know how Boris Johnson boasted that he introduced the Freedom Pass when Susanna Reid explained an old‚Ä¶ https://t.co/sUMbm0zJ2Q
339,1521475915229937666,2022-05-03 13:05:00+00:00,Boris Johnson responded to a story of an elderly woman riding buses all day to keep warm by praising the Freedom Pa‚Ä¶ https://t.co/EcEK7obMmf
340,1521475899388010496,2022-05-03 13:04:56+00:00,@BorisJohnson The ONLY REASON Boris Johnson is still infesting Downing Street &amp; UK politics is due to Russia invadi‚Ä¶ https://t.co/LYQlPMs11m
341,1521475898830163973,2022-05-03 13:04:56+00:00,@June_r57 I bet Boris Johnson will hide from @susannareid100 for the rest of his career. (in a fridge of course). H‚Ä¶ https://t.co/nd8S6aTmvM
342,1521475880446484482,2022-05-03 13:04:52+00:00,@RishiSunak Meanwhile in the UK people are choosing between eating and putting the heating on. Putin is rich anythi‚Ä¶ https://t.co/6gmXozLLeO
343,1521475871978266625,2022-05-03 13:04:50+00:00,"Narendra Modi visiting Germany, France and Denmark, all on UK‚Äôs doorstep, but it was vital for Boris Johnson to go‚Ä¶ https://t.co/XxJCvXyLVB"
344,1521475859135279106,2022-05-03 13:04:47+00:00,Boris Johnson takes credit for free bus pass pensioners use to keep warm https://t.co/v7lgrp4Zd1 https://t.co/hhZvoJtuqH
345,1521475852176969729,2022-05-03 13:04:45+00:00,@fesshole If your husband was a genuine asshole (or Boris Johnson who's a separate kind of asshole) then I'd say OK‚Ä¶ https://t.co/EX1xw6Y7fF
346,1521475850155311104,2022-05-03 13:04:44+00:00,"The tax raised from your petrol will contribute to the war in Ukraine and Boris Johnson's ""Finest hour""

There is n‚Ä¶ https://t.co/YC5uBfsoqy"
347,1521475849765240832,2022-05-03 13:04:44+00:00,@scottygb Boris Johnson
348,1521475821118046208,2022-05-03 13:04:38+00:00,Now this really is a new low for Boris Johnson https://t.co/4lLpVYQMuF
349,1521475791070113793,2022-05-03 13:04:30+00:00,"üëáAnd Boris Johnson will always be remembered as a liar!
#BorisTheLiar https://t.co/ugGKczgUfl"
350,1521475779690913796,2022-05-03 13:04:28+00:00,"Open SmartNews and read ""Ukraine MPs give Boris standing ovation ‚Äònever seen‚Äô before as UK unleashes ¬£300m lifeline‚Ä¶ https://t.co/WjlN5JyZlf"
351,1521475775974752264,2022-05-03 13:04:27+00:00,Boris Johnson accused of bare-faced lie about bus Freedom Pass https://t.co/vrhtgqFM21
352,1521475772728360960,2022-05-03 13:04:26+00:00,PM Boris Johnson Unveils $376 Million More In UK Military Aid To¬†Ukraine https://t.co/KYcVJhELqT
353,1521475744379113472,2022-05-03 13:04:19+00:00,@Reuters Prudent spending‚Ä¶..Just ask Boris Johnson &amp; his Chums about unregulated &amp; uncontrolled Covid spending. ¬£Mi‚Ä¶ https://t.co/BdJIzqSRz7
354,1521475735516499968,2022-05-03 13:04:17+00:00,Johnson accused of lying after claiming he invented London Bus Freedom Pass https://t.co/JZ9msHRDkB @paulapeters2‚Ä¶ https://t.co/83TRV9pKoZ
355,1521475707100094466,2022-05-03 13:04:10+00:00,"Boris Johnson interview technique.
Interviewer asks question.
BJ. Goes into pre prepared monolog unrelated to the q‚Ä¶ https://t.co/lQ46NgPJ2m"
356,1521475689916084224,2022-05-03 13:04:06+00:00,"@KyivIndependent This guy can‚Äôt make up his mind, I guess https://t.co/6dGq0NT44X"
357,1521475662904631296,2022-05-03 13:04:00+00:00,"""It's not the size of the dog in the fight, but the size of the fight in the dog""

Boris Johnson invokes Winston Ch‚Ä¶ https://t.co/CXufk0cjCl"
358,1521475648652554240,2022-05-03 13:03:56+00:00,@vic_top55 @GonzaloLira1968 ‚ö†Ô∏èSusanna Reid confronts Boris Johnson about pensioner Elsie 'who rides the bus ALL DAY‚Ä¶ https://t.co/8pfCZgowTf
359,1521475641710944257,2022-05-03 13:03:55+00:00,"@jessicaelgot How odd. At the time Johnson agreed with his oligarch mate (now, thanks to him, Lord) Lebedev that th‚Ä¶ https://t.co/goExKcp0OH"
360,1521475636640075776,2022-05-03 13:03:54+00:00,"Boris Johnson has lost the plot with this Ukraine crusade, whilst Britain seems to be falling apart"
361,1521475562681872384,2022-05-03 13:03:36+00:00,"How soon after the Thursday elections will more #partygate fines be announced?

Will it depend on how the vote goes‚Ä¶ https://t.co/ZcYdnmqQ5O"
362,1521475554498785285,2022-05-03 13:03:34+00:00,Prime Minister Boris Johnson and Secretary of State for Health Sajid Javid: Stop Denying Patients Access to Medical‚Ä¶ https://t.co/wZbGFNRrXm
363,1521475537377628160,2022-05-03 13:03:30+00:00,@SkyNews I reckon Boris Johnson should be president of the Ukraine as he seems to think more about there than his o‚Ä¶ https://t.co/fltLJ3Qmkt
364,1521475519618895875,2022-05-03 13:03:26+00:00,Chelsea is a source of revenue for Boris Johnson. https://t.co/rXp0Ojc3bD
365,1521475512903872513,2022-05-03 13:03:24+00:00,"@OliverDowden @BenHouchen Just a reminder of the real story of Tory Britain circa 2022. 
https://t.co/yn1qb7qjwy"
366,1521475470474326018,2022-05-03 13:03:14+00:00,It's Boris Johnson's government that has forced TFL from permitting the use of a Freedom Pass for older persons bef‚Ä¶ https://t.co/mcCQZtJITA
367,1521475451130105857,2022-05-03 13:03:09+00:00,STEPHEN GLOVER: Why I'm backing Lord Frost to take porngate MP's seat https://t.co/B6B6FMZFkC @MailOnline
368,1521475450907860994,2022-05-03 13:03:09+00:00,@GMB @susannareid100 Boris Johnson trying to hold back a smirk like normal people hold back a sneeze!
369,1521475441990803458,2022-05-03 13:03:07+00:00,Plan to send asylum seekers to Rwanda within ‚Äòweeks‚Äô delayed - live https://t.co/Caqq4jabKJ
370,1521475405567479809,2022-05-03 13:02:58+00:00,My names Boris Johnson and i wont tax my mates meh meh meh https://t.co/vxXTu1o21l
371,1521475403000389633,2022-05-03 13:02:58+00:00,@Equ1l1br1um1 @GerardDelaney39 ‚ö†Ô∏èSusanna Reid confronts Boris Johnson about pensioner Elsie 'who rides the bus ALL‚Ä¶ https://t.co/vwEZYlQeqh
372,1521475377180590080,2022-05-03 13:02:52+00:00,The BBC's hatred of the Tory Party in general and Boris Johnson in particular knows no bounds. https://t.co/urvhkLKeOH
373,1521475371736129537,2022-05-03 13:02:50+00:00,Susanna Reid 'surprised she wasn't thrown out of Downing Street' after explosive Boris Johnson interview‚Ä¶ https://t.co/HvvMkd5mDx
374,1521475368716169216,2022-05-03 13:02:50+00:00,"The battle between good &amp; evil is not üá∫üá¶#Ukraine vs üá∑üá∫#Russia, its the British public vs Boris Johnson. Get that cu‚Ä¶ https://t.co/sKWLZ1DMa5"
375,1521475357957922816,2022-05-03 13:02:47+00:00,"""Your farmers kidnapped Russian tanks with their tractors. Your pensioners stood up in the road and told Russian so‚Ä¶ https://t.co/4qSZHKcOP9"
376,1521475353755193344,2022-05-03 13:02:46+00:00,@Frances40996115 ‚ö†Ô∏èSusanna Reid confronts Boris Johnson about pensioner Elsie 'who rides the bus ALL DAY because sh‚Ä¶ https://t.co/NT7rOpD5k5
377,1521475319756210179,2022-05-03 13:02:38+00:00,"""We cannot make the same mistake again""

PM Boris Johnson tells Ukrainian Parliament ""we were too slow to grasp wha‚Ä¶ https://t.co/9n7IocRIGE"
378,1521475271798501376,2022-05-03 13:02:27+00:00,As evidence witness the shameless attack on Boris Johnson over Partygate. He was recovering from Covid when he alle‚Ä¶ https://t.co/UfVSAhTNiW
379,1521475253649780736,2022-05-03 13:02:22+00:00,Boris Johnson: We want free Lateral Flow Tests available to those who are Clinically Extremely Vulnerable - Sign th‚Ä¶ https://t.co/bwhgYBZ93G
380,1521475233865248768,2022-05-03 13:02:18+00:00,@SimonClarkeMP Debt is worth it when you're helping people which clearly the Tories are not.  https://t.co/yn1qb7qjwy
381,1521475218405208064,2022-05-03 13:02:14+00:00,"‚ö°Ô∏è Boris Johnson is planning to bring back Right to Buy
Johnson wants tenants to have the right to buy housing asso‚Ä¶ https://t.co/zbgSKlz1Uy"
382,1521475205025120257,2022-05-03 13:02:11+00:00,"It's Boris Johnson, lied day.

Again https://t.co/jAF1Z6TCJ5"
383,1521475198700212225,2022-05-03 13:02:09+00:00,"I‚Äôll never forgive them for this, no matter what you think of Corbyn, this Tory government has been the worst one I‚Ä¶ https://t.co/KJWbaHRWbk"
384,1521475175182700545,2022-05-03 13:02:04+00:00,Boris Johnson in hot waters after Pose with JCB bulldozer in India | UK PM India¬†visit https://t.co/ycnjKBiju9
385,1521475172032782336,2022-05-03 13:02:03+00:00,"Boris Johnson is having his Thatcher Falklands war moments, isn‚Äôt he?"
386,1521475153678725120,2022-05-03 13:01:58+00:00,Boris Johnson not knowing who Lorraine is is not that surprising when you consider he also doesn't know what a part‚Ä¶ https://t.co/8EA6v56Tyz
387,1521475142492303360,2022-05-03 13:01:56+00:00,@AlucardMorbid @LaurenceLola2 How is Boris Johnson still in office despite his poor efforts to strengthen the parliament??
388,1521475141573742592,2022-05-03 13:01:56+00:00,He speaks for much of the world who chose the appeasement of Putin over punishment. Boris Johnson told the‚Ä¶ https://t.co/c7ko0Oq4kr
389,1521475131083796482,2022-05-03 13:01:53+00:00,"https://t.co/evhhGpneVq

Meanwhile, I'll keep buckling my alloy wheels in potholes then?

#CharityBeginsAtHome‚Ä¶ https://t.co/hUkqE1FIa9"
390,1521475130609872897,2022-05-03 13:01:53+00:00,"'Good versus evil': Ukraine will win war and 'be free', Boris Johnson tells Kyiv parliament https://t.co/4GfnVyFqV6"
391,1521475129049600000,2022-05-03 13:01:53+00:00,@toryboypierce He doesn‚Äôt like you https://t.co/ilzJf7AquT
392,1521475121088708611,2022-05-03 13:01:51+00:00,"https://t.co/kc19ab5PNp

LONDON (Reuters) -British Prime Minister Boris Johnson told Ukraine on Tuesday he believed‚Ä¶ https://t.co/VGUuHO01EP"
393,1521475103548190722,2022-05-03 13:01:46+00:00,"@Gab_H_R 'I'm surprised', says 77-year-old Boris Johnson."
394,1521475089547804672,2022-05-03 13:01:43+00:00,@SunderMad Boris Johnson says you can go to Sheffield United - there are tickets there. And if you can‚Äôt afford to‚Ä¶ https://t.co/8sktNqKzF7
395,1521475067846307845,2022-05-03 13:01:38+00:00,"You really couldn't give a toss could you @BorisJohnson @10DowningStreet @Conservatives 

Boris Johnson embarrasses‚Ä¶ https://t.co/YvN3qOo2bN"
396,1521475055733116929,2022-05-03 13:01:35+00:00,@FreedomPodcast1 @Ella4Dogs ‚ö†Ô∏èSusanna Reid confronts Boris Johnson about pensioner Elsie 'who rides the bus ALL DAY‚Ä¶ https://t.co/YBSRwd95VX
397,1521475043498381315,2022-05-03 13:01:32+00:00,@somersetlevel @shorty25558 Stuff me the Yorkshire Boris Johnson. You good at shagging around and lying?
398,1521475041417957381,2022-05-03 13:01:32+00:00,All the Conservative Manifesto Promises Boris Johnson has Broken ‚Äì Byline Times https://t.co/8J2d9YWWqd
399,1521475037492035585,2022-05-03 13:01:31+00:00,Prime Minister Boris Johnson and Secretary of State for Health Sajid Javid: Stop Denying Patients Access to Medical‚Ä¶ https://t.co/eKgVQ4Jysd
400,1521475034690240513,2022-05-03 13:01:30+00:00,@Bbmorg C*nt is exclusively reserved for Boris Johnson.
401,1521475025420922881,2022-05-03 13:01:28+00:00,"@ScotExpress @ScotTories Boris Johnson demonstrating the act of cynical opportunism, appearing on video link in the‚Ä¶ https://t.co/cbt7j0dfuC"
402,1521475000154349568,2022-05-03 13:01:22+00:00,@hmtreasury Meanwhile: https://t.co/yn1qb7qjwy
403,1521474998799585281,2022-05-03 13:01:22+00:00,"Aside from the gratituous offence of the comment, Boris Johnson's claim to have introduced the Freedom Pass is an i‚Ä¶ https://t.co/GfNYvS2PQk"
404,1521474987093372930,2022-05-03 13:01:19+00:00,"https://t.co/JjbZM56X9u
Ukraine will win war and 'be free', Boris Johnson tells Kyiv Parliament when there were dec‚Ä¶ https://t.co/5nfoGtuYAb"
405,1521474966964871168,2022-05-03 13:01:14+00:00,Johnson tells Ukraine that West was ‚Äòtoo slow‚Äô to grasp Russia threat https://t.co/dBxuti8CXE
406,1521474965958242307,2022-05-03 13:01:14+00:00,Boris Johnson talking about dogs again.
407,1521474954260267009,2022-05-03 13:01:11+00:00,"Are you a liar, Prime Minister? NO, I am an ‚Äòhonest‚Äô politician and merely got partygate ‚Äòwrong‚Äô, says Boris Johnso‚Ä¶ https://t.co/N62xhwc1cm"
408,1521474954151276547,2022-05-03 13:01:11+00:00,Watch Boris Johnson's address to Ukraine's Parliament in full on the @TalkTV YouTube channel https://t.co/8E7VKMBCRW
409,1521474953253642241,2022-05-03 13:01:11+00:00,@diane_berwick @doc_singing @sophielouisecc @MontagueTerrie @toadmeister @AreOhEssEyeEe @IUTruthtellers‚Ä¶ https://t.co/EjoS71m2t4
410,1521474943665553408,2022-05-03 13:01:08+00:00,"The PM‚Äôs response to a cold, hungry pensioner tells us all we need to know | Tom Peck
The usual lies too!
#GMB‚Ä¶ https://t.co/bxaE5JcBCe"
411,1521474927785922560,2022-05-03 13:01:05+00:00,@diane_berwick @SeanKehoeUK @HumanRights4UK @LordDeeDah @GillianMcKeith @SaltireOfTruth @wordwhisperer‚Ä¶ https://t.co/qP40kxv9sL
412,1521474927727374336,2022-05-03 13:01:05+00:00,"@lachlanp_ I know it was in the UK but I think Boris Johnson did hide from the media in one of those...

Not sure i‚Ä¶ https://t.co/FOMpw4xfRg"
413,1521474924711485441,2022-05-03 13:01:04+00:00,"Anyone who supported the #PeoplesVote is an idiot.

Their refusal to accept the largest mandate in the history of U‚Ä¶ https://t.co/HFyuNZt3x2"
414,1521474884211294209,2022-05-03 13:00:54+00:00,@RishiSunak @verynetwork Just thought I'd remind potential voters of the real story of Britain under Tory rule. You‚Ä¶ https://t.co/yc7uoCexaA
415,1521474882525093891,2022-05-03 13:00:54+00:00,@diane_berwick @UKcitizen2021 @DavidGHFrost @Fox_Claire @Mark_J_Harper @SteveBakerHW @reallySirChope @ABridgen‚Ä¶ https://t.co/64kSePNyaT
416,1521474882508365825,2022-05-03 13:00:54+00:00,"The isolationist narcissist.
Pretends to be leader of the free world, poses by talking to the Ukranian Parliament‚Ä¶ https://t.co/rP3FGYDaZ0"
417,1521474869191401473,2022-05-03 13:00:51+00:00,Boris Johnson joins lobbying for UK chip designer Arm to list in London https://t.co/5ifvM6NbrE
418,1521474839546052608,2022-05-03 13:00:44+00:00,So. Boris Johnson FIRST to address the Ukraine parliament. Another Brexit win.
419,1521474831878922242,2022-05-03 13:00:42+00:00,@BarbaraSutton15 Wow you Learn Something every day I didn't know Boris Johnson was Catholic OH MY WORD is it not a‚Ä¶ https://t.co/SHY84TgIm5
420,1521474825193148416,2022-05-03 13:00:40+00:00,Boris Johnson Calls Russia War ‚ÄòUkraine‚Äôs Finest¬†Hour‚Äô https://t.co/h9LouihbDi
421,1521474818088087554,2022-05-03 13:00:38+00:00,"What IQ do you need to gain admission to study at .@UniofOxford? If Boris Johnson is typical of an Oxford graduate,‚Ä¶ https://t.co/GOFbcnSw6l"
422,1521474807828733954,2022-05-03 13:00:36+00:00,If you are in the UK please please remember to vote on Thursday! If you think #RoeVWade is isolated to USA you woul‚Ä¶ https://t.co/YwzmA0Alwz
423,1521474779269709824,2022-05-03 13:00:29+00:00,"Labour MP admits he has 'no idea' who Lorraine Kelly is after Boris Johnson's blunder

Subscribe to our YouTube:‚Ä¶ https://t.co/HEHDLw3JQ1"
424,1521474776946069504,2022-05-03 13:00:29+00:00,"Boris Johnson was told a 77 year old pensioner has to ride the bus all day to stay warm.

He thought she should be‚Ä¶ https://t.co/vp6eTOAcjC"
425,1521474728057257984,2022-05-03 13:00:17+00:00,"@TalkTV Our Lion of Ukraine inspiring Ukrainians in their battle against Russia.
Churchill would be proud.
Our WW2‚Ä¶ https://t.co/B8YPg6FcZj"
426,1521474717802278913,2022-05-03 13:00:15+00:00,Boris Johnson joins lobbying for UK chip designer Arm to list in London https://t.co/3r0qAqMY8W
427,1521474715713474560,2022-05-03 13:00:14+00:00,How many times has Boris Johnson had covid? https://t.co/VKhuQLqnYS
428,1521474703285796864,2022-05-03 13:00:11+00:00,The Freedom Pass (free travel on public transport in London for the elderly and disabled) was effectively introduce‚Ä¶ https://t.co/OQRHsvZcWq
429,1521474672537354240,2022-05-03 13:00:04+00:00,@EriasLukwago_ A complete and total leader is one who provide solutions to every problem that presents itself to th‚Ä¶ https://t.co/rufP5juggf
430,1521474660575154177,2022-05-03 13:00:01+00:00,"Boris Johnson disrespects ITV legend in GMB blunder with Susanna Reid
#BorisJohnson

https://t.co/q1GbpAhB8a"
431,1521474660361146368,2022-05-03 13:00:01+00:00,"This is unbelievable ü§¶‚Äç‚ôÇÔ∏è

People are justifiably outraged...

https://t.co/WWuAiwge7Q"
432,1521474592417755137,2022-05-03 12:59:45+00:00,@white_arrow_uk @CHERRYAPPLETON0 @AngelaK34204696 @LBC @TalkTV @GBNEWS @AllisterHeath @DaveAtherton20‚Ä¶ https://t.co/3C9K7zlUf0
433,1521474556413808642,2022-05-03 12:59:36+00:00,@Jenna_bee__ @Matronincharge @michaelpbreton @herbthefox1 @diane_berwick @CartlandDr1982 @MaajidNawaz @mattletiss7‚Ä¶ https://t.co/urd1ubTgiL
434,1521474555788804097,2022-05-03 12:59:36+00:00,The Prime Minister Boris Johnson has said that Ukraine was in its ‚Äúfinest hour‚Äù as it resisted the Russian invasion‚Ä¶ https://t.co/xHBehFCi60
435,1521474534477602820,2022-05-03 12:59:31+00:00,"Ukraine will win war and ‚Äòbe free‚Äô, Boris Johnson tells Kyiv¬†parliament https://t.co/2n5rYZhCkR"
436,1521474534125285377,2022-05-03 12:59:31+00:00,When Elsie can't pay a bill she has to go without food. When Boris Johnson can't pay a bill he goes and taps one of his mates.
437,1521474531386343426,2022-05-03 12:59:30+00:00,"""I have one message for you today, Ukraine will win, Ukraine will be free.""

Boris Johnson addresses Ukraine's Parl‚Ä¶ https://t.co/yJ0PPipX3w"
438,1521474530543296514,2022-05-03 12:59:30+00:00,British Prime Minister Boris Johnson admits he's not doing enough to help struggling in Cost of Living crisis durin‚Ä¶ https://t.co/bgiyMq9mjk
439,1521474519592058881,2022-05-03 12:59:27+00:00,@LSW12612672511 @tomhunt1988 @Mark_J_Harper @PeterBoneUK @EdwardLeighMP @BorisJohnson @Conservatives‚Ä¶ https://t.co/0JX593hmSP
440,1521474518161707015,2022-05-03 12:59:27+00:00,@HackneyAbbott The Boris Johnson support award goes to....
441,1521474478382977024,2022-05-03 12:59:17+00:00,@ChevyGuy666 @LSW12612672511 ‚ö†Ô∏èSusanna Reid confronts Boris Johnson about pensioner Elsie 'who rides the bus ALL DA‚Ä¶ https://t.co/dhc8HUjeWi
442,1521474459751886849,2022-05-03 12:59:13+00:00,"https://t.co/evhhGpneVq

Perhaps they'd like to pay my heating bills?

#Conservatives
Money for overseas.
Money for‚Ä¶ https://t.co/DYH8ilX5Gw"
443,1521474456614494208,2022-05-03 12:59:12+00:00,"Has severe Covid cognitively impaired Boris Johnson equivalent to ageing 20 years? https://t.co/PTZ2qgPBKs
Severe c‚Ä¶ https://t.co/XEf26jGMZ0"
444,1521474446057517056,2022-05-03 12:59:10+00:00,"""Invoking Churchill, Boris Johnson says the war is ‚ÄòUkraine‚Äôs finest hour.‚Äô"" by Mark Landler via NYT https://t.co/hPofZgym1A"
445,1521474445340258306,2022-05-03 12:59:10+00:00,GB: Prime Minister Boris Johnson says the UK will build one new nuclear plant a year (on visit to Hartlepool Nuclea‚Ä¶ https://t.co/OBGYcerEQ5
446,1521474433776508931,2022-05-03 12:59:07+00:00,@lewis_goodall If a pensioner is cold Boris Johnson's has  given them bus passes to ride on the buses 24 - 7. All h‚Ä¶ https://t.co/OUXcaQRRzY
447,1521474430932819973,2022-05-03 12:59:06+00:00,"@Jacob_Rees_Mogg Meanwhile over here, the Tories prove that couldn't care less about their own: https://t.co/yn1qb7qjwy"
448,1521474414709284865,2022-05-03 12:59:02+00:00,@AngelaK34204696 @LBC @TalkTV @GBNEWS @AllisterHeath @DaveAtherton20 @LSW12612672511 @white_arrow_uk ‚ö†Ô∏èSusanna Reid‚Ä¶ https://t.co/zblM2x7FDZ
449,1521474404072529920,2022-05-03 12:59:00+00:00,"""The crucial thing is to make sure we deal with the crisis over the medium and long term.""

https://t.co/RtD7XmSqyX"
450,1521474375668613121,2022-05-03 12:58:53+00:00,What a coincidence that the local elections are just days away &amp; Boris Johnson decides to exploit the conflict in U‚Ä¶ https://t.co/tbETXORFoX
451,1521474373336580096,2022-05-03 12:58:52+00:00,@Jason_Opines @FraserNelson I'm sure he can find time for the occasional comment on important internation events. B‚Ä¶ https://t.co/9EsYtyAcuc
452,1521474345197002753,2022-05-03 12:58:46+00:00,"@Parody_PM @campbellclaret Will he tell them people in England are freezing or dont have hot water,  ü§î  NO he won't‚Ä¶ https://t.co/yiwkelJzXR"
453,1521474333687885826,2022-05-03 12:58:43+00:00,@MagtathMaggie @herbthefox1 @michaelpbreton @diane_berwick @CartlandDr1982 @MaajidNawaz @mattletiss7‚Ä¶ https://t.co/QsnEKFpABG
454,1521474333432074241,2022-05-03 12:58:43+00:00,"@SkyNews Our Lion of Ukraine inspiring Ukrainians in their battle against Russia.
Churchill would be proud.
Our WW2‚Ä¶ https://t.co/GGgFCOsqZM"
455,1521474326922514432,2022-05-03 12:58:41+00:00,He‚Äôs right - who is Lorraine? Busy working people don‚Äôt have time to lounge around all day unlike certain Labour an‚Ä¶ https://t.co/c8LjZy4nS2
456,1521474324145885185,2022-05-03 12:58:41+00:00,PM Boris Johnson Unveils $376 Million More In UK Military Aid To¬†Ukraine https://t.co/SjE3qkHJaY
457,1521474317946662913,2022-05-03 12:58:39+00:00,The Telegraph: 'Who's Lorraine?': Boris Johnson branded 'out of touch' after question about ITV star.‚Ä¶ https://t.co/JF8PrDYOFw
458,1521474313911738373,2022-05-03 12:58:38+00:00,"@ScotTories Boris Johnson demonstrating the act of cynical opportunism, appearing on video link in the Ukrainian Pa‚Ä¶ https://t.co/uB0SUMhmmT"
459,1521474261722046464,2022-05-03 12:58:26+00:00,Do you think Boris Johnson is in touch with what people are experiencing amid the cost of living crisis?‚Ä¶ https://t.co/WlBvhUuJfU
460,1521474261000626177,2022-05-03 12:58:26+00:00,"The #Tories are evil: 
https://t.co/F4rR3j7XgW"
461,1521474253958352897,2022-05-03 12:58:24+00:00,Vote conservatives and you get this üëá a party that doesn‚Äôt care. Send the Tory‚Äôs a clear message and #VoteSNP https://t.co/lOAswewt8o
462,1521474221607686146,2022-05-03 12:58:16+00:00,"#Ukraine will defeat #Russia and once again be a free country, British Prime Minister Boris #Johnson said on Tuesda‚Ä¶ https://t.co/JO6jU5sZfc"
463,1521474208861245442,2022-05-03 12:58:13+00:00,"British PM: West ""too slow to grasp what was really happening"" when Russia took Crimea from Ukraine in 2014 and war‚Ä¶ https://t.co/Mf9KCYiqZb"
464,1521474170705432577,2022-05-03 12:58:04+00:00,Martin Rowson on a dangerous week for Boris Johnson https://t.co/8jIlNXZ2Fg https://t.co/Ma4bLCai6y
465,1521474135209218048,2022-05-03 12:57:56+00:00,@GMB @susannareid100 Johnson nailed to rights. Its looking like the end of the road for Boris and Co.
466,1521474125918879744,2022-05-03 12:57:53+00:00,Boris Johnson embarrasses himself in car crash Good Morning Britain inte... https://t.co/9iHJzKc52k via @YouTube
467,1521474110324416513,2022-05-03 12:57:50+00:00,"üî¥Addressing the Ukrainian Parliament, UK PM Boris Johnson:

#Ukrainiansoldiersüá∫üá¶ fought like lions and exploded the‚Ä¶ https://t.co/YcrhlMIc5H"
468,1521474078183460864,2022-05-03 12:57:42+00:00,Boris Johnson receives standing ovation from Ukrainian MPs as he escapes difficulties at home https://t.co/EGYuPuDVYi
469,1521474060387074048,2022-05-03 12:57:38+00:00,"@BBCPolitics Our Lion of Ukraine inspiring Ukrainians in their battle against Russia.
Churchill would be proud.
Our‚Ä¶ https://t.co/3H0X51eLKp"
470,1521474040002752517,2022-05-03 12:57:33+00:00,https://t.co/tDeW0hb5So https://t.co/Z4dbb7dpzp Boris Johnson Calls Russia War ‚ÄòUkraine‚Äôs Finest Hour‚Äô Our Hashtag‚Ä¶ https://t.co/X7cVTZcJMD
471,1521474032494858242,2022-05-03 12:57:31+00:00,‚ÄúYou have exploded the myth of Putin‚Äôs invincibility and you have written one of the most glorious chapters in mili‚Ä¶ https://t.co/BZncsfx1Oy
472,1521473992569331712,2022-05-03 12:57:22+00:00,"üòé If like me you have no idea who Lorraine is, watch üá¨üáß PM @BorisJohnson address Ukraine's parliament.
https://t.co/qfpj9tykfV"
473,1521473928643887105,2022-05-03 12:57:06+00:00,"Invoking Churchill, Boris Johnson says the war is ‚ÄòUkraine‚Äôs finest hour.‚Äô 
Denis Darnel - #AkilliGundem‚Ä¶ https://t.co/0v3MNI1sns"
474,1521473912382816258,2022-05-03 12:57:02+00:00,"Boris Johnson‚Äôs GMB interview shows ‚Äònarcissistic‚Äô PM ‚Äòout of touch‚Äô, says Labour ‚Äì UK politics live https://t.co/9ODQtyd020"
475,1521473908398043136,2022-05-03 12:57:02+00:00,"""This is your finest hour,"" says Boris Johnson to the Ukrainian Parliament. What he means is - it's all downhill from here."
476,1521473898465931266,2022-05-03 12:56:59+00:00,@AndrewBowie_MP @ScotTories @LaurenKnight22 @Conservatives Boris Johnson demonstrating the act of cynical opportuni‚Ä¶ https://t.co/pkfoihGODh
477,1521473811752837120,2022-05-03 12:56:38+00:00,@AbsoluteChelsea @thetimes Why doesn't Boris Johnson consider fucking off
478,1521473791016247296,2022-05-03 12:56:34+00:00,Brits seeing a Boris Johnson headline https://t.co/mgmn3QqaQt
479,1521473786725425153,2022-05-03 12:56:33+00:00,"Boris Johnson is planning to extend Right to Buy but critics say it is the ""opposite of what the country needs""

https://t.co/A5to5dy8Fd"
480,1521473781021171719,2022-05-03 12:56:31+00:00,"Boris Johnson has said that Ukraine will ‚Äúbe free‚Äù of Putin‚Äôs invasion, in an address to the country‚Äôs Parliament. https://t.co/v8fORXuUMQ"
481,1521473739573051399,2022-05-03 12:56:21+00:00,I wonder what the people of Tyneside and Teeside were thinking after Boris Johnson got the 2 mixed up....he probabl‚Ä¶ https://t.co/zmsXSUFat6
482,1521473729515171845,2022-05-03 12:56:19+00:00,PM Boris Johnson Unveils $376 Million More In UK Military Aid To¬†Ukraine https://t.co/qj7cAzBwDc
483,1521473705179860995,2022-05-03 12:56:13+00:00,The Prime Minister faced a grilling by GMB‚Äôs Susanna Reid live from Downing Street where he was questioned about th‚Ä¶ https://t.co/WLMKEFtIs2
484,1521473690990526465,2022-05-03 12:56:10+00:00,"Ukraine will win war and 'be free', Boris Johnson tells Kyiv parliament | World News https://t.co/QohmP4eQfI #news"
485,1521473679447793667,2022-05-03 12:56:07+00:00,Are you waiting for the Sue Gray report to find out if Boris Johnson is a lying toe rag?
486,1521473659919081472,2022-05-03 12:56:02+00:00,@BorisJohnson Hypocrite &amp; evils of UK üá¨üáß government lead by this Boris Johnson &amp; @CatrionaLaing1 in @UKinNigeria ar‚Ä¶ https://t.co/BMdb6bAg3e
487,1521473636389068802,2022-05-03 12:55:57+00:00,"The lying charlatan thinks he can save the @conservatives local election chances by using Ukraine.

How DARE he. 
 https://t.co/Y3dshDfw0i"
488,1521473595100307458,2022-05-03 12:55:47+00:00,VIDEO CORRECTION: Boris Johnson said the government could not help everyone through the current cost-of-living cris‚Ä¶ https://t.co/sGzoxIBzER
489,1521473587214880768,2022-05-03 12:55:45+00:00,"@AnnieWellsMSP Boris Johnson demonstrating the act of cynical opportunism, appearing on video link in the Ukrainian‚Ä¶ https://t.co/cNMfLKGGvo"
490,1521473570983059462,2022-05-03 12:55:41+00:00,"Boris Johnson is considering giving some proceeds of the sale of #Chelsea to grassroots football in the United Kingdom.

[via @thetimes]"
491,1521473545309769729,2022-05-03 12:55:35+00:00,Seems to me that knowingly starving and freezing to death the elderly population should be added to Boris Johnson's‚Ä¶ https://t.co/f03CXAoTcB
492,1521473543309078530,2022-05-03 12:55:34+00:00,@toryboypierce Make sure you tie a rope round your ankle before you disappear further up Boris Johnson's ar5ehole.
493,1521473535553724416,2022-05-03 12:55:33+00:00,"Boris Johnson only cares about having answers to questions, don‚Äôt matter what nonsense he spews"
494,1521473510354341889,2022-05-03 12:55:27+00:00,@lesiavasylenko Boris Johnson just wants to be seen as a global statesman to satisfy his ego and vanity - very simi‚Ä¶ https://t.co/7onydO21SA
495,1521473465848504320,2022-05-03 12:55:16+00:00,"‚ö°BORIS JOHNSON SPOKE TO THE VERKHOVNA RADA VIA VIDEO LINK

Vladimir Zelensky was personally present in parliament.‚Ä¶ https://t.co/0V0WoQLo0a"
496,1521473463684321286,2022-05-03 12:55:16+00:00,@BorisJohnson @ZelenskyyUa Did you tell him you don't care less about your own people? https://t.co/yn1qb7qjwy
497,1521473458042978304,2022-05-03 12:55:14+00:00,"Boris Johnson reworking ""Ulster will fight and Ulster will be right"" by replacing it with Ukraine in his speech to‚Ä¶ https://t.co/6pWyrHNO4T"
498,1521473399096238081,2022-05-03 12:55:00+00:00,"Boris Johnson could murder his children (no matter how many of them there may actually be) on TV, and still will get re-elected üôÑ"
499,1521473397376512000,2022-05-03 12:55:00+00:00,Lorraine Kelly responds to Boris Johnson snub as he asks who she is live on air https://t.co/8Pc1Hzxn0i https://t.co/aEOSqwAxrY
